slug,lang,publicUrl,httpStatus,canonical,canonicalOk,title,brandCount,h1Count,h1Text,hreflangEs,hreflangEn,hreflangFr,hreflangXDefault,isReciprocal,passed
"oportunidad-villa-jaguey-3-vistas-golf-puntacana-resort","es","https://www.puntacanainvestmentsrd.com/es/properties/oportunidad-villa-jaguey-3-vistas-golf-puntacana-resort",200,"https://www.puntacanainvestmentsrd.com/es/properties/oportunidad-villa-jaguey-3-vistas-golf-puntacana-resort",true,"Villa Jaguey 3 de Oportunidad | Vistas al Golf | US$2.57M | Punta Cana | Punta Cana Investments",1,1,"Villa Jaguey un Refugio Tropical con Vistas al Golf y Alto Potencial de Expansión","https://www.puntacanainvestmentsrd.com/es/properties/oportunidad-villa-jaguey-3-vistas-golf-puntacana-resort","https://www.puntacanainvestmentsrd.com/en/properties/oportunidad-villa-jaguey-3-vistas-golf-puntacana-resort","https://www.puntacanainvestmentsrd.com/fr/properties/oportunidad-villa-jaguey-3-vistas-golf-puntacana-resort","https://www.puntacanainvestmentsrd.com/en/properties/oportunidad-villa-jaguey-3-vistas-golf-puntacana-resort",true,true
"oportunidad-villa-jaguey-3-vistas-golf-puntacana-resort","en","https://www.puntacanainvestmentsrd.com/en/properties/oportunidad-villa-jaguey-3-vistas-golf-puntacana-resort",200,"https://www.puntacanainvestmentsrd.com/en/properties/oportunidad-villa-jaguey-3-vistas-golf-puntacana-resort",true,"Villa Jaguey 3 Opportunity | Golf Views | US$2.57M | Punta Cana | Punta Cana Investments",1,1,"Villa Jaguey a Tropical Retreat with Golf Views and High Expansion Potential","https://www.puntacanainvestmentsrd.com/es/properties/oportunidad-villa-jaguey-3-vistas-golf-puntacana-resort","https://www.puntacanainvestmentsrd.com/en/properties/oportunidad-villa-jaguey-3-vistas-golf-puntacana-resort","https://www.puntacanainvestmentsrd.com/fr/properties/oportunidad-villa-jaguey-3-vistas-golf-puntacana-resort","https://www.puntacanainvestmentsrd.com/en/properties/oportunidad-villa-jaguey-3-vistas-golf-puntacana-resort",true,true
"oportunidad-villa-jaguey-3-vistas-golf-puntacana-resort","fr","https://www.puntacanainvestmentsrd.com/fr/properties/oportunidad-villa-jaguey-3-vistas-golf-puntacana-resort",200,"https://www.puntacanainvestmentsrd.com/fr/properties/oportunidad-villa-jaguey-3-vistas-golf-puntacana-resort",true,"Opportunité Villa Jaguey 3 | Vue sur le Golf | 2,57 M$ US | Punta Cana | Punta Cana Investments",1,1,"Villa Jaguey une Retraite Tropicale avec Vue sur le Golf et Fort Potentiel d&#x27;Expansion","https://www.puntacanainvestmentsrd.com/es/properties/oportunidad-villa-jaguey-3-vistas-golf-puntacana-resort","https://www.puntacanainvestmentsrd.com/en/properties/oportunidad-villa-jaguey-3-vistas-golf-puntacana-resort","https://www.puntacanainvestmentsrd.com/fr/properties/oportunidad-villa-jaguey-3-vistas-golf-puntacana-resort","https://www.puntacanainvestmentsrd.com/en/properties/oportunidad-villa-jaguey-3-vistas-golf-puntacana-resort",true,true
"exclusiva-villa-corales-golf-lago","es","https://www.puntacanainvestmentsrd.com/es/properties/exclusiva-villa-corales-golf-lago",200,"https://www.puntacanainvestmentsrd.com/es/properties/exclusiva-villa-corales-golf-lago",true,"Villa Contemporánea con Vistas al Lago en Corales, Punta Cana | Punta Cana Investments",1,1,"Villa Contemporánea con Vistas al Lago en Corales, Punta Cana","https://www.puntacanainvestmentsrd.com/es/properties/exclusiva-villa-corales-golf-lago","https://www.puntacanainvestmentsrd.com/en/properties/exclusiva-villa-corales-golf-lago","https://www.puntacanainvestmentsrd.com/fr/properties/exclusiva-villa-corales-golf-lago","https://www.puntacanainvestmentsrd.com/en/properties/exclusiva-villa-corales-golf-lago",true,true
"exclusiva-villa-corales-golf-lago","en","https://www.puntacanainvestmentsrd.com/en/properties/exclusiva-villa-corales-golf-lago",200,"https://www.puntacanainvestmentsrd.com/en/properties/exclusiva-villa-corales-golf-lago",true,"Contemporary Villa with Lake Views in Corales, Punta Cana | Punta Cana Investments",1,1,"Contemporary Villa with Lake Views in Corales, Punta Cana","https://www.puntacanainvestmentsrd.com/es/properties/exclusiva-villa-corales-golf-lago","https://www.puntacanainvestmentsrd.com/en/properties/exclusiva-villa-corales-golf-lago","https://www.puntacanainvestmentsrd.com/fr/properties/exclusiva-villa-corales-golf-lago","https://www.puntacanainvestmentsrd.com/en/properties/exclusiva-villa-corales-golf-lago",true,true
"exclusiva-villa-corales-golf-lago","fr","https://www.puntacanainvestmentsrd.com/fr/properties/exclusiva-villa-corales-golf-lago",200,"https://www.puntacanainvestmentsrd.com/fr/properties/exclusiva-villa-corales-golf-lago",true,"Villa Contemporaine avec Vue sur le Lac à Corales, Punta Cana | Punta Cana Investments",1,1,"Villa Contemporaine avec Vue sur le Lac à Corales, Punta Cana","https://www.puntacanainvestmentsrd.com/es/properties/exclusiva-villa-corales-golf-lago","https://www.puntacanainvestmentsrd.com/en/properties/exclusiva-villa-corales-golf-lago","https://www.puntacanainvestmentsrd.com/fr/properties/exclusiva-villa-corales-golf-lago","https://www.puntacanainvestmentsrd.com/en/properties/exclusiva-villa-corales-golf-lago",true,true
"apartamento-1-habitacion-epic-punta-cana","es","https://www.puntacanainvestmentsrd.com/es/properties/apartamento-1-habitacion-epic-punta-cana",200,"https://www.puntacanainvestmentsrd.com/es/properties/apartamento-1-habitacion-epic-punta-cana",true,"Apartamento en Venta en Epic Punta Cana | Inversión y Airbnb | Punta Cana Investments",1,1,"Exclusivo Apartamento de 1 Habitación en Epic Punta Cana","https://www.puntacanainvestmentsrd.com/es/properties/apartamento-1-habitacion-epic-punta-cana","https://www.puntacanainvestmentsrd.com/en/properties/apartamento-1-habitacion-epic-punta-cana","https://www.puntacanainvestmentsrd.com/fr/properties/apartamento-1-habitacion-epic-punta-cana","https://www.puntacanainvestmentsrd.com/en/properties/apartamento-1-habitacion-epic-punta-cana",true,true
"apartamento-1-habitacion-epic-punta-cana","en","https://www.puntacanainvestmentsrd.com/en/properties/apartamento-1-habitacion-epic-punta-cana",200,"https://www.puntacanainvestmentsrd.com/en/properties/apartamento-1-habitacion-epic-punta-cana",true,"Condo for Sale in Epic Punta Cana | Real Estate Investment &amp; Airbnb | Punta Cana Investments",1,1,"Exclusive 1-Bedroom Condo in Epic Punta Cana","https://www.puntacanainvestmentsrd.com/es/properties/apartamento-1-habitacion-epic-punta-cana","https://www.puntacanainvestmentsrd.com/en/properties/apartamento-1-habitacion-epic-punta-cana","https://www.puntacanainvestmentsrd.com/fr/properties/apartamento-1-habitacion-epic-punta-cana","https://www.puntacanainvestmentsrd.com/en/properties/apartamento-1-habitacion-epic-punta-cana",true,true
"apartamento-1-habitacion-epic-punta-cana","fr","https://www.puntacanainvestmentsrd.com/fr/properties/apartamento-1-habitacion-epic-punta-cana",200,"https://www.puntacanainvestmentsrd.com/fr/properties/apartamento-1-habitacion-epic-punta-cana",true,"Appartement à Vendre à Epic Punta Cana | Investissement Immobilier | Punta Cana Investments",1,1,"Appartement Exclusif d&#x27;une Chambre à Epic Punta Cana","https://www.puntacanainvestmentsrd.com/es/properties/apartamento-1-habitacion-epic-punta-cana","https://www.puntacanainvestmentsrd.com/en/properties/apartamento-1-habitacion-epic-punta-cana","https://www.puntacanainvestmentsrd.com/fr/properties/apartamento-1-habitacion-epic-punta-cana","https://www.puntacanainvestmentsrd.com/en/properties/apartamento-1-habitacion-epic-punta-cana",true,true
"penthouse-amueblado-rooftop-picuzzi-white-sands","es","https://www.puntacanainvestmentsrd.com/es/properties/penthouse-amueblado-rooftop-picuzzi-white-sands",200,"https://www.puntacanainvestmentsrd.com/es/properties/penthouse-amueblado-rooftop-picuzzi-white-sands",true,"Penthouse Amueblado con Rooftop y Picuzzi en White Sands | Punta Cana Investments",1,1,"Espectacular Penthouse Amueblado con Rooftop Privado y Picuzzi en White Sands","https://www.puntacanainvestmentsrd.com/es/properties/penthouse-amueblado-rooftop-picuzzi-white-sands","https://www.puntacanainvestmentsrd.com/en/properties/penthouse-amueblado-rooftop-picuzzi-white-sands","https://www.puntacanainvestmentsrd.com/fr/properties/penthouse-amueblado-rooftop-picuzzi-white-sands","https://www.puntacanainvestmentsrd.com/en/properties/penthouse-amueblado-rooftop-picuzzi-white-sands",true,true
"penthouse-amueblado-rooftop-picuzzi-white-sands","en","https://www.puntacanainvestmentsrd.com/en/properties/penthouse-amueblado-rooftop-picuzzi-white-sands",200,"https://www.puntacanainvestmentsrd.com/en/properties/penthouse-amueblado-rooftop-picuzzi-white-sands",true,"Furnished Penthouse with Rooftop &amp; Picuzzi in White Sands | Punta Cana Investments",1,1,"Spectacular Furnished Penthouse with Private Rooftop and Picuzzi in White Sands","https://www.puntacanainvestmentsrd.com/es/properties/penthouse-amueblado-rooftop-picuzzi-white-sands","https://www.puntacanainvestmentsrd.com/en/properties/penthouse-amueblado-rooftop-picuzzi-white-sands","https://www.puntacanainvestmentsrd.com/fr/properties/penthouse-amueblado-rooftop-picuzzi-white-sands","https://www.puntacanainvestmentsrd.com/en/properties/penthouse-amueblado-rooftop-picuzzi-white-sands",true,true
"penthouse-amueblado-rooftop-picuzzi-white-sands","fr","https://www.puntacanainvestmentsrd.com/fr/properties/penthouse-amueblado-rooftop-picuzzi-white-sands",200,"https://www.puntacanainvestmentsrd.com/fr/properties/penthouse-amueblado-rooftop-picuzzi-white-sands",true,"Penthouse Meublé avec Rooftop et Picuzzi à White Sands | Punta Cana Investments",1,1,"Spectaculaire Penthouse Meublé avec Rooftop Privé et Picuzzi à White Sands","https://www.puntacanainvestmentsrd.com/es/properties/penthouse-amueblado-rooftop-picuzzi-white-sands","https://www.puntacanainvestmentsrd.com/en/properties/penthouse-amueblado-rooftop-picuzzi-white-sands","https://www.puntacanainvestmentsrd.com/fr/properties/penthouse-amueblado-rooftop-picuzzi-white-sands","https://www.puntacanainvestmentsrd.com/en/properties/penthouse-amueblado-rooftop-picuzzi-white-sands",true,true
"apartamento-loft-soto-grande-cap-cana","es","https://www.puntacanainvestmentsrd.com/es/properties/apartamento-loft-soto-grande-cap-cana",200,"https://www.puntacanainvestmentsrd.com/es/properties/apartamento-loft-soto-grande-cap-cana",true,"Apartamentos | Loft Soto Grande Cap Cana | Punta Cana Investments",1,1,"Apartamentos | Loft Soto Grande Cap Cana","https://www.puntacanainvestmentsrd.com/es/properties/apartamento-loft-soto-grande-cap-cana","https://www.puntacanainvestmentsrd.com/en/properties/apartamento-loft-soto-grande-cap-cana","https://www.puntacanainvestmentsrd.com/fr/properties/apartamento-loft-soto-grande-cap-cana","https://www.puntacanainvestmentsrd.com/en/properties/apartamento-loft-soto-grande-cap-cana",true,true
"apartamento-loft-soto-grande-cap-cana","en","https://www.puntacanainvestmentsrd.com/en/properties/apartamento-loft-soto-grande-cap-cana",200,"https://www.puntacanainvestmentsrd.com/en/properties/apartamento-loft-soto-grande-cap-cana",true,"Apartamentos | Loft Soto Grande Cap Cana | Punta Cana Investments",1,1,"Apartments | Loft Soto Grande Cap Cana","https://www.puntacanainvestmentsrd.com/es/properties/apartamento-loft-soto-grande-cap-cana","https://www.puntacanainvestmentsrd.com/en/properties/apartamento-loft-soto-grande-cap-cana","https://www.puntacanainvestmentsrd.com/fr/properties/apartamento-loft-soto-grande-cap-cana","https://www.puntacanainvestmentsrd.com/en/properties/apartamento-loft-soto-grande-cap-cana",true,true
"apartamento-loft-soto-grande-cap-cana","fr","https://www.puntacanainvestmentsrd.com/fr/properties/apartamento-loft-soto-grande-cap-cana",200,"https://www.puntacanainvestmentsrd.com/fr/properties/apartamento-loft-soto-grande-cap-cana",true,"Apartamentos | Loft Soto Grande Cap Cana | Punta Cana Investments",1,1,"Appartements | Loft Soto Grande Cap Cana","https://www.puntacanainvestmentsrd.com/es/properties/apartamento-loft-soto-grande-cap-cana","https://www.puntacanainvestmentsrd.com/en/properties/apartamento-loft-soto-grande-cap-cana","https://www.puntacanainvestmentsrd.com/fr/properties/apartamento-loft-soto-grande-cap-cana","https://www.puntacanainvestmentsrd.com/en/properties/apartamento-loft-soto-grande-cap-cana",true,true
"apartamentos-balcones-de-brisas-punta-cana","es","https://www.puntacanainvestmentsrd.com/es/properties/apartamentos-balcones-de-brisas-punta-cana",200,"https://www.puntacanainvestmentsrd.com/es/properties/apartamentos-balcones-de-brisas-punta-cana",true,"Apartamentos | Balcones de Brisas Punta Cana | Punta Cana Investments",1,1,"Apartamentos | Balcones de Brisas Punta Cana","https://www.puntacanainvestmentsrd.com/es/properties/apartamentos-balcones-de-brisas-punta-cana","https://www.puntacanainvestmentsrd.com/en/properties/apartamentos-balcones-de-brisas-punta-cana","https://www.puntacanainvestmentsrd.com/fr/properties/apartamentos-balcones-de-brisas-punta-cana","https://www.puntacanainvestmentsrd.com/en/properties/apartamentos-balcones-de-brisas-punta-cana",true,true
"apartamentos-balcones-de-brisas-punta-cana","en","https://www.puntacanainvestmentsrd.com/en/properties/apartamentos-balcones-de-brisas-punta-cana",200,"https://www.puntacanainvestmentsrd.com/en/properties/apartamentos-balcones-de-brisas-punta-cana",true,"Apartamentos | Balcones de Brisas Punta Cana | Punta Cana Investments",1,1,"Apartments | Balcones de Brisas Punta Cana","https://www.puntacanainvestmentsrd.com/es/properties/apartamentos-balcones-de-brisas-punta-cana","https://www.puntacanainvestmentsrd.com/en/properties/apartamentos-balcones-de-brisas-punta-cana","https://www.puntacanainvestmentsrd.com/fr/properties/apartamentos-balcones-de-brisas-punta-cana","https://www.puntacanainvestmentsrd.com/en/properties/apartamentos-balcones-de-brisas-punta-cana",true,true
"apartamentos-balcones-de-brisas-punta-cana","fr","https://www.puntacanainvestmentsrd.com/fr/properties/apartamentos-balcones-de-brisas-punta-cana",200,"https://www.puntacanainvestmentsrd.com/fr/properties/apartamentos-balcones-de-brisas-punta-cana",true,"Apartamentos | Balcones de Brisas Punta Cana | Punta Cana Investments",1,1,"Appartements | Balcons Brisas Punta Cana","https://www.puntacanainvestmentsrd.com/es/properties/apartamentos-balcones-de-brisas-punta-cana","https://www.puntacanainvestmentsrd.com/en/properties/apartamentos-balcones-de-brisas-punta-cana","https://www.puntacanainvestmentsrd.com/fr/properties/apartamentos-balcones-de-brisas-punta-cana","https://www.puntacanainvestmentsrd.com/en/properties/apartamentos-balcones-de-brisas-punta-cana",true,true
"apartamentos-city-place-downtown-punta-cana","es","https://www.puntacanainvestmentsrd.com/es/properties/apartamentos-city-place-downtown-punta-cana",200,"https://www.puntacanainvestmentsrd.com/es/properties/apartamentos-city-place-downtown-punta-cana",true,"Apartamentos | City Place Downtown Punta Cana | Punta Cana Investments",1,1,"Apartamentos | City Place Downtown Punta Cana","https://www.puntacanainvestmentsrd.com/es/properties/apartamentos-city-place-downtown-punta-cana","https://www.puntacanainvestmentsrd.com/en/properties/apartamentos-city-place-downtown-punta-cana","https://www.puntacanainvestmentsrd.com/fr/properties/apartamentos-city-place-downtown-punta-cana","https://www.puntacanainvestmentsrd.com/en/properties/apartamentos-city-place-downtown-punta-cana",true,true
"apartamentos-city-place-downtown-punta-cana","en","https://www.puntacanainvestmentsrd.com/en/properties/apartamentos-city-place-downtown-punta-cana",200,"https://www.puntacanainvestmentsrd.com/en/properties/apartamentos-city-place-downtown-punta-cana",true,"Apartamentos | City Place Downtown Punta Cana | Punta Cana Investments",1,1,"Apartments | City Place Downtown Punta Cana","https://www.puntacanainvestmentsrd.com/es/properties/apartamentos-city-place-downtown-punta-cana","https://www.puntacanainvestmentsrd.com/en/properties/apartamentos-city-place-downtown-punta-cana","https://www.puntacanainvestmentsrd.com/fr/properties/apartamentos-city-place-downtown-punta-cana","https://www.puntacanainvestmentsrd.com/en/properties/apartamentos-city-place-downtown-punta-cana",true,true
"apartamentos-city-place-downtown-punta-cana","fr","https://www.puntacanainvestmentsrd.com/fr/properties/apartamentos-city-place-downtown-punta-cana",200,"https://www.puntacanainvestmentsrd.com/fr/properties/apartamentos-city-place-downtown-punta-cana",true,"Apartamentos | City Place Downtown Punta Cana | Punta Cana Investments",1,1,"Appartements | City Place Centre-ville de Punta Cana","https://www.puntacanainvestmentsrd.com/es/properties/apartamentos-city-place-downtown-punta-cana","https://www.puntacanainvestmentsrd.com/en/properties/apartamentos-city-place-downtown-punta-cana","https://www.puntacanainvestmentsrd.com/fr/properties/apartamentos-city-place-downtown-punta-cana","https://www.puntacanainvestmentsrd.com/en/properties/apartamentos-city-place-downtown-punta-cana",true,true
"apartamentos-the-beach-punta-cana","es","https://www.puntacanainvestmentsrd.com/es/properties/apartamentos-the-beach-punta-cana",200,"https://www.puntacanainvestmentsrd.com/es/properties/apartamentos-the-beach-punta-cana",true,"Apartamentos | The Beach Punta Cana City Place | Punta Cana Investments",1,1,"Apartamentos | The Beach Punta Cana City Place","https://www.puntacanainvestmentsrd.com/es/properties/apartamentos-the-beach-punta-cana","https://www.puntacanainvestmentsrd.com/en/properties/apartamentos-the-beach-punta-cana","https://www.puntacanainvestmentsrd.com/fr/properties/apartamentos-the-beach-punta-cana","https://www.puntacanainvestmentsrd.com/en/properties/apartamentos-the-beach-punta-cana",true,true
"apartamentos-the-beach-punta-cana","en","https://www.puntacanainvestmentsrd.com/en/properties/apartamentos-the-beach-punta-cana",200,"https://www.puntacanainvestmentsrd.com/en/properties/apartamentos-the-beach-punta-cana",true,"Apartamentos | The Beach Punta Cana City Place | Punta Cana Investments",1,1,"Apartments | The Beach Punta Cana City Place","https://www.puntacanainvestmentsrd.com/es/properties/apartamentos-the-beach-punta-cana","https://www.puntacanainvestmentsrd.com/en/properties/apartamentos-the-beach-punta-cana","https://www.puntacanainvestmentsrd.com/fr/properties/apartamentos-the-beach-punta-cana","https://www.puntacanainvestmentsrd.com/en/properties/apartamentos-the-beach-punta-cana",true,true
"apartamentos-the-beach-punta-cana","fr","https://www.puntacanainvestmentsrd.com/fr/properties/apartamentos-the-beach-punta-cana",200,"https://www.puntacanainvestmentsrd.com/fr/properties/apartamentos-the-beach-punta-cana",true,"Apartamentos | The Beach Punta Cana City Place | Punta Cana Investments",1,1,"Appartements | La plage Punta Cana City Place","https://www.puntacanainvestmentsrd.com/es/properties/apartamentos-the-beach-punta-cana","https://www.puntacanainvestmentsrd.com/en/properties/apartamentos-the-beach-punta-cana","https://www.puntacanainvestmentsrd.com/fr/properties/apartamentos-the-beach-punta-cana","https://www.puntacanainvestmentsrd.com/en/properties/apartamentos-the-beach-punta-cana",true,true
"apartamentos-tropical-breeze-brisas-punta-cana","es","https://www.puntacanainvestmentsrd.com/es/properties/apartamentos-tropical-breeze-brisas-punta-cana",200,"https://www.puntacanainvestmentsrd.com/es/properties/apartamentos-tropical-breeze-brisas-punta-cana",true,"Apartamentos | Tropical Breeze Brisas Punta Cana | Punta Cana Investments",1,1,"Apartamentos | Tropical Breeze Brisas Punta Cana","https://www.puntacanainvestmentsrd.com/es/properties/apartamentos-tropical-breeze-brisas-punta-cana","https://www.puntacanainvestmentsrd.com/en/properties/apartamentos-tropical-breeze-brisas-punta-cana","https://www.puntacanainvestmentsrd.com/fr/properties/apartamentos-tropical-breeze-brisas-punta-cana","https://www.puntacanainvestmentsrd.com/en/properties/apartamentos-tropical-breeze-brisas-punta-cana",true,true
"apartamentos-tropical-breeze-brisas-punta-cana","en","https://www.puntacanainvestmentsrd.com/en/properties/apartamentos-tropical-breeze-brisas-punta-cana",200,"https://www.puntacanainvestmentsrd.com/en/properties/apartamentos-tropical-breeze-brisas-punta-cana",true,"Apartamentos | Tropical Breeze Brisas Punta Cana | Punta Cana Investments",1,1,"Apartments | Tropical Breeze Brisas Punta Cana","https://www.puntacanainvestmentsrd.com/es/properties/apartamentos-tropical-breeze-brisas-punta-cana","https://www.puntacanainvestmentsrd.com/en/properties/apartamentos-tropical-breeze-brisas-punta-cana","https://www.puntacanainvestmentsrd.com/fr/properties/apartamentos-tropical-breeze-brisas-punta-cana","https://www.puntacanainvestmentsrd.com/en/properties/apartamentos-tropical-breeze-brisas-punta-cana",true,true
"apartamentos-tropical-breeze-brisas-punta-cana","fr","https://www.puntacanainvestmentsrd.com/fr/properties/apartamentos-tropical-breeze-brisas-punta-cana",200,"https://www.puntacanainvestmentsrd.com/fr/properties/apartamentos-tropical-breeze-brisas-punta-cana",true,"Apartamentos | Tropical Breeze Brisas Punta Cana | Punta Cana Investments",1,1,"Appartements | Brise tropicale Brisas Punta Cana","https://www.puntacanainvestmentsrd.com/es/properties/apartamentos-tropical-breeze-brisas-punta-cana","https://www.puntacanainvestmentsrd.com/en/properties/apartamentos-tropical-breeze-brisas-punta-cana","https://www.puntacanainvestmentsrd.com/fr/properties/apartamentos-tropical-breeze-brisas-punta-cana","https://www.puntacanainvestmentsrd.com/en/properties/apartamentos-tropical-breeze-brisas-punta-cana",true,true
"condos-cruise-on-land-resort-punta-cana","es","https://www.puntacanainvestmentsrd.com/es/properties/condos-cruise-on-land-resort-punta-cana",200,"https://www.puntacanainvestmentsrd.com/es/properties/condos-cruise-on-land-resort-punta-cana",true,"Condos | Cruise On Land Resort Punta Cana | Punta Cana Investments",1,1,"Condos | Cruise On Land Resort Punta Cana","https://www.puntacanainvestmentsrd.com/es/properties/condos-cruise-on-land-resort-punta-cana","https://www.puntacanainvestmentsrd.com/en/properties/condos-cruise-on-land-resort-punta-cana","https://www.puntacanainvestmentsrd.com/fr/properties/condos-cruise-on-land-resort-punta-cana","https://www.puntacanainvestmentsrd.com/en/properties/condos-cruise-on-land-resort-punta-cana",true,true
"condos-cruise-on-land-resort-punta-cana","en","https://www.puntacanainvestmentsrd.com/en/properties/condos-cruise-on-land-resort-punta-cana",200,"https://www.puntacanainvestmentsrd.com/en/properties/condos-cruise-on-land-resort-punta-cana",true,"Condos | Cruise On Land Resort Punta Cana | Punta Cana Investments",1,1,"Condos | Cruise On Land Resort Punta Cana","https://www.puntacanainvestmentsrd.com/es/properties/condos-cruise-on-land-resort-punta-cana","https://www.puntacanainvestmentsrd.com/en/properties/condos-cruise-on-land-resort-punta-cana","https://www.puntacanainvestmentsrd.com/fr/properties/condos-cruise-on-land-resort-punta-cana","https://www.puntacanainvestmentsrd.com/en/properties/condos-cruise-on-land-resort-punta-cana",true,true
"condos-cruise-on-land-resort-punta-cana","fr","https://www.puntacanainvestmentsrd.com/fr/properties/condos-cruise-on-land-resort-punta-cana",200,"https://www.puntacanainvestmentsrd.com/fr/properties/condos-cruise-on-land-resort-punta-cana",true,"Condos | Cruise On Land Resort Punta Cana | Punta Cana Investments",1,1,"Condos | Croisière sur terre Resort Punta Cana","https://www.puntacanainvestmentsrd.com/es/properties/condos-cruise-on-land-resort-punta-cana","https://www.puntacanainvestmentsrd.com/en/properties/condos-cruise-on-land-resort-punta-cana","https://www.puntacanainvestmentsrd.com/fr/properties/condos-cruise-on-land-resort-punta-cana","https://www.puntacanainvestmentsrd.com/en/properties/condos-cruise-on-land-resort-punta-cana",true,true
"terreno-desarrollo-hotelero-playa-esmeralda-miches","es","https://www.puntacanainvestmentsrd.com/es/properties/terreno-desarrollo-hotelero-playa-esmeralda-miches",200,"https://www.puntacanainvestmentsrd.com/es/properties/terreno-desarrollo-hotelero-playa-esmeralda-miches",true,"Terreno en Playa Esmeralda | Oportunidad de Desarrollo Hotelero | Miches Real Estate | Punta Cana Investments",1,1,"Terreno en Playa Esmeralda | Oportunidad de Desarrollo Hotelero o Residencial de Lujo","https://www.puntacanainvestmentsrd.com/es/properties/terreno-desarrollo-hotelero-playa-esmeralda-miches","https://www.puntacanainvestmentsrd.com/en/properties/terreno-desarrollo-hotelero-playa-esmeralda-miches","https://www.puntacanainvestmentsrd.com/fr/properties/terreno-desarrollo-hotelero-playa-esmeralda-miches","https://www.puntacanainvestmentsrd.com/en/properties/terreno-desarrollo-hotelero-playa-esmeralda-miches",true,true
"terreno-desarrollo-hotelero-playa-esmeralda-miches","en","https://www.puntacanainvestmentsrd.com/en/properties/terreno-desarrollo-hotelero-playa-esmeralda-miches",200,"https://www.puntacanainvestmentsrd.com/en/properties/terreno-desarrollo-hotelero-playa-esmeralda-miches",true,"Beachfront Land in Playa Esmeralda | Hotel Development Opportunity | Miches Real Estate | Punta Cana Investments",1,1,"Playa Esmeralda Beachfront Land | Luxury Hotel or Residential Development Opportunity","https://www.puntacanainvestmentsrd.com/es/properties/terreno-desarrollo-hotelero-playa-esmeralda-miches","https://www.puntacanainvestmentsrd.com/en/properties/terreno-desarrollo-hotelero-playa-esmeralda-miches","https://www.puntacanainvestmentsrd.com/fr/properties/terreno-desarrollo-hotelero-playa-esmeralda-miches","https://www.puntacanainvestmentsrd.com/en/properties/terreno-desarrollo-hotelero-playa-esmeralda-miches",true,true
"terreno-desarrollo-hotelero-playa-esmeralda-miches","fr","https://www.puntacanainvestmentsrd.com/fr/properties/terreno-desarrollo-hotelero-playa-esmeralda-miches",200,"https://www.puntacanainvestmentsrd.com/fr/properties/terreno-desarrollo-hotelero-playa-esmeralda-miches",true,"Terrain à Playa Esmeralda | Opportunité de Développement Hôtelier | Immobilier Miches | Punta Cana Investments",1,1,"Terrain à Playa Esmeralda | Opportunité de Développement Hôtelier ou Résidentiel de Luxe","https://www.puntacanainvestmentsrd.com/es/properties/terreno-desarrollo-hotelero-playa-esmeralda-miches","https://www.puntacanainvestmentsrd.com/en/properties/terreno-desarrollo-hotelero-playa-esmeralda-miches","https://www.puntacanainvestmentsrd.com/fr/properties/terreno-desarrollo-hotelero-playa-esmeralda-miches","https://www.puntacanainvestmentsrd.com/en/properties/terreno-desarrollo-hotelero-playa-esmeralda-miches",true,true
"terreno-exclusivo-playa-limon-miches","es","https://www.puntacanainvestmentsrd.com/es/properties/terreno-exclusivo-playa-limon-miches",200,"https://www.puntacanainvestmentsrd.com/es/properties/terreno-exclusivo-playa-limon-miches",true,"Terreno en Playa Limón | Oportunidad de Desarrollo | Miches Real Estate | Punta Cana Investments",1,1,"Terreno en Playa Limón | Joya de Inversión Boutique al lado de Laguna Limón","https://www.puntacanainvestmentsrd.com/es/properties/terreno-exclusivo-playa-limon-miches","https://www.puntacanainvestmentsrd.com/en/properties/terreno-exclusivo-playa-limon-miches","https://www.puntacanainvestmentsrd.com/fr/properties/terreno-exclusivo-playa-limon-miches","https://www.puntacanainvestmentsrd.com/en/properties/terreno-exclusivo-playa-limon-miches",true,true
"terreno-exclusivo-playa-limon-miches","en","https://www.puntacanainvestmentsrd.com/en/properties/terreno-exclusivo-playa-limon-miches",200,"https://www.puntacanainvestmentsrd.com/en/properties/terreno-exclusivo-playa-limon-miches",true,"Beachfront Land in Playa Limón | Hotel Development Opportunity | Miches Real Estate | Punta Cana Investments",1,1,"Beachfront Land in Playa Limón | Boutique Investment Gem adjacent to Laguna Limón","https://www.puntacanainvestmentsrd.com/es/properties/terreno-exclusivo-playa-limon-miches","https://www.puntacanainvestmentsrd.com/en/properties/terreno-exclusivo-playa-limon-miches","https://www.puntacanainvestmentsrd.com/fr/properties/terreno-exclusivo-playa-limon-miches","https://www.puntacanainvestmentsrd.com/en/properties/terreno-exclusivo-playa-limon-miches",true,true
"terreno-exclusivo-playa-limon-miches","fr","https://www.puntacanainvestmentsrd.com/fr/properties/terreno-exclusivo-playa-limon-miches",200,"https://www.puntacanainvestmentsrd.com/fr/properties/terreno-exclusivo-playa-limon-miches",true,"Terrain à Playa Limón | Opportunité de Développement Hôtelier | Immobilier Miches | Punta Cana Investments",1,1,"Terrain à Playa Limón | Joyau d&#x27;Investissement Boutique au bord de Laguna Limón","https://www.puntacanainvestmentsrd.com/es/properties/terreno-exclusivo-playa-limon-miches","https://www.puntacanainvestmentsrd.com/en/properties/terreno-exclusivo-playa-limon-miches","https://www.puntacanainvestmentsrd.com/fr/properties/terreno-exclusivo-playa-limon-miches","https://www.puntacanainvestmentsrd.com/en/properties/terreno-exclusivo-playa-limon-miches",true,true
"solar-lujo-caleton-cap-cana","es","https://www.puntacanainvestmentsrd.com/es/properties/solar-lujo-caleton-cap-cana",200,"https://www.puntacanainvestmentsrd.com/es/properties/solar-lujo-caleton-cap-cana",true,"Solar en Venta en Caletón Cap Cana | 1,045 m² por $360,000 | Punta Cana Investments",1,1,"Exclusivo Solar de Ultra-Lujo (1,045 m²) en Caletón, Cap Cana | Perfecto para Villa de Lujo","https://www.puntacanainvestmentsrd.com/es/properties/solar-lujo-caleton-cap-cana","https://www.puntacanainvestmentsrd.com/en/properties/solar-lujo-caleton-cap-cana","https://www.puntacanainvestmentsrd.com/fr/properties/solar-lujo-caleton-cap-cana","https://www.puntacanainvestmentsrd.com/en/properties/solar-lujo-caleton-cap-cana",true,true
"solar-lujo-caleton-cap-cana","en","https://www.puntacanainvestmentsrd.com/en/properties/solar-lujo-caleton-cap-cana",200,"https://www.puntacanainvestmentsrd.com/en/properties/solar-lujo-caleton-cap-cana",true,"Plot for Sale in Caleton Cap Cana | 1,045 sqm for $360,000 | Punta Cana Investments",1,1,"Exclusive Ultra-Luxury Plot (1,045 sqm) in Caleton, Cap Cana | Perfect for Luxury Villa","https://www.puntacanainvestmentsrd.com/es/properties/solar-lujo-caleton-cap-cana","https://www.puntacanainvestmentsrd.com/en/properties/solar-lujo-caleton-cap-cana","https://www.puntacanainvestmentsrd.com/fr/properties/solar-lujo-caleton-cap-cana","https://www.puntacanainvestmentsrd.com/en/properties/solar-lujo-caleton-cap-cana",true,true
"solar-lujo-caleton-cap-cana","fr","https://www.puntacanainvestmentsrd.com/fr/properties/solar-lujo-caleton-cap-cana",200,"https://www.puntacanainvestmentsrd.com/fr/properties/solar-lujo-caleton-cap-cana",true,"Terrain à Vendre à Caleton Cap Cana | 1 045 m² | $360 000 | Punta Cana Investments",1,1,"Terrain Exclusif d&#x27;Ultra-Luxe (1 045 m²) à Caleton, Cap Cana | Idéal pour Villa de Luxe","https://www.puntacanainvestmentsrd.com/es/properties/solar-lujo-caleton-cap-cana","https://www.puntacanainvestmentsrd.com/en/properties/solar-lujo-caleton-cap-cana","https://www.puntacanainvestmentsrd.com/fr/properties/solar-lujo-caleton-cap-cana","https://www.puntacanainvestmentsrd.com/en/properties/solar-lujo-caleton-cap-cana",true,true
"solar-premium-paseo-sendero-vista-cana","es","https://www.puntacanainvestmentsrd.com/es/properties/solar-premium-paseo-sendero-vista-cana",200,"https://www.puntacanainvestmentsrd.com/es/properties/solar-premium-paseo-sendero-vista-cana",true,"Solar en Venta en Vista Cana Bávaro | 1,270 m² Lote Residencial | Punta Cana Investments",1,1,"Solar Residencial Premium (1,270 m²) en Paseo del Sendero, Vista Cana | Ideal para Villas o Apartamentos","https://www.puntacanainvestmentsrd.com/es/properties/solar-premium-paseo-sendero-vista-cana","https://www.puntacanainvestmentsrd.com/en/properties/solar-premium-paseo-sendero-vista-cana","https://www.puntacanainvestmentsrd.com/fr/properties/solar-premium-paseo-sendero-vista-cana","https://www.puntacanainvestmentsrd.com/en/properties/solar-premium-paseo-sendero-vista-cana",true,true
"solar-premium-paseo-sendero-vista-cana","en","https://www.puntacanainvestmentsrd.com/en/properties/solar-premium-paseo-sendero-vista-cana",200,"https://www.puntacanainvestmentsrd.com/en/properties/solar-premium-paseo-sendero-vista-cana",true,"Residential Plot for Sale in Vista Cana Bavaro | 1,270 sqm Lot | Punta Cana Investments",1,1,"Premium Residential Plot (1,270 sqm) in Paseo del Sendero, Vista Cana | Ideal for Custom Villas or Townhouses","https://www.puntacanainvestmentsrd.com/es/properties/solar-premium-paseo-sendero-vista-cana","https://www.puntacanainvestmentsrd.com/en/properties/solar-premium-paseo-sendero-vista-cana","https://www.puntacanainvestmentsrd.com/fr/properties/solar-premium-paseo-sendero-vista-cana","https://www.puntacanainvestmentsrd.com/en/properties/solar-premium-paseo-sendero-vista-cana",true,true
"solar-premium-paseo-sendero-vista-cana","fr","https://www.puntacanainvestmentsrd.com/fr/properties/solar-premium-paseo-sendero-vista-cana",200,"https://www.puntacanainvestmentsrd.com/fr/properties/solar-premium-paseo-sendero-vista-cana",true,"Terrain à Vendre à Vista Cana Bavaro | Lot Résidentiel de 1 270 m² | Punta Cana Investments",1,1,"Terrain Résidentiel de Premier Choix (1 270 m²) à Paseo del Sendero, Vista Cana | Parfait pour Villas ou Appartements","https://www.puntacanainvestmentsrd.com/es/properties/solar-premium-paseo-sendero-vista-cana","https://www.puntacanainvestmentsrd.com/en/properties/solar-premium-paseo-sendero-vista-cana","https://www.puntacanainvestmentsrd.com/fr/properties/solar-premium-paseo-sendero-vista-cana","https://www.puntacanainvestmentsrd.com/en/properties/solar-premium-paseo-sendero-vista-cana",true,true
"terreno-playa-desarrollo-hotelero-uvero-alto","es","https://www.puntacanainvestmentsrd.com/es/properties/terreno-playa-desarrollo-hotelero-uvero-alto",200,"https://www.puntacanainvestmentsrd.com/es/properties/terreno-playa-desarrollo-hotelero-uvero-alto",true,"Terreno de Playa en Uvero Alto | Desarrollo Premium | Punta Cana | Punta Cana Investments",1,1,"Terreno de Playa en Uvero Alto | Oportunidad de Desarrollo Hotelero o Residencial Premium","https://www.puntacanainvestmentsrd.com/es/properties/terreno-playa-desarrollo-hotelero-uvero-alto","https://www.puntacanainvestmentsrd.com/en/properties/terreno-playa-desarrollo-hotelero-uvero-alto","https://www.puntacanainvestmentsrd.com/fr/properties/terreno-playa-desarrollo-hotelero-uvero-alto","https://www.puntacanainvestmentsrd.com/en/properties/terreno-playa-desarrollo-hotelero-uvero-alto",true,true
"terreno-playa-desarrollo-hotelero-uvero-alto","en","https://www.puntacanainvestmentsrd.com/en/properties/terreno-playa-desarrollo-hotelero-uvero-alto",200,"https://www.puntacanainvestmentsrd.com/en/properties/terreno-playa-desarrollo-hotelero-uvero-alto",true,"Beachfront Land in Uvero Alto | Premium Hotel Development | Punta Cana | Punta Cana Investments",1,1,"Beachfront Land in Uvero Alto | Hotel or Premium Residential Development Opportunity","https://www.puntacanainvestmentsrd.com/es/properties/terreno-playa-desarrollo-hotelero-uvero-alto","https://www.puntacanainvestmentsrd.com/en/properties/terreno-playa-desarrollo-hotelero-uvero-alto","https://www.puntacanainvestmentsrd.com/fr/properties/terreno-playa-desarrollo-hotelero-uvero-alto","https://www.puntacanainvestmentsrd.com/en/properties/terreno-playa-desarrollo-hotelero-uvero-alto",true,true
"terreno-playa-desarrollo-hotelero-uvero-alto","fr","https://www.puntacanainvestmentsrd.com/fr/properties/terreno-playa-desarrollo-hotelero-uvero-alto",200,"https://www.puntacanainvestmentsrd.com/fr/properties/terreno-playa-desarrollo-hotelero-uvero-alto",true,"Terrain de Plage à Uvero Alto | Développement Hôtelier Premium | Punta Cana Investments",1,1,"Terrain de Plage à Uvero Alto | Opportunité de Développement Hôtelier ou Résidentiel de Luxe","https://www.puntacanainvestmentsrd.com/es/properties/terreno-playa-desarrollo-hotelero-uvero-alto","https://www.puntacanainvestmentsrd.com/en/properties/terreno-playa-desarrollo-hotelero-uvero-alto","https://www.puntacanainvestmentsrd.com/fr/properties/terreno-playa-desarrollo-hotelero-uvero-alto","https://www.puntacanainvestmentsrd.com/en/properties/terreno-playa-desarrollo-hotelero-uvero-alto",true,true
"apartamento-lujo-piscuzzi-sotogrande-cap-cana","es","https://www.puntacanainvestmentsrd.com/es/properties/apartamento-lujo-piscuzzi-sotogrande-cap-cana",200,"https://www.puntacanainvestmentsrd.com/es/properties/apartamento-lujo-piscuzzi-sotogrande-cap-cana",true,"Apartamento de Lujo en Sotogrande Cap Cana | Piscuzzi y Playa Privada | Punta Cana Investments",1,1,"Espectacular Apartamento de Lujo (2 Hab) con Piscuzzi y Vista a Playa Privada – Sotogrande, Cap Cana","https://www.puntacanainvestmentsrd.com/es/properties/apartamento-lujo-piscuzzi-sotogrande-cap-cana","https://www.puntacanainvestmentsrd.com/en/properties/apartamento-lujo-piscuzzi-sotogrande-cap-cana","https://www.puntacanainvestmentsrd.com/fr/properties/apartamento-lujo-piscuzzi-sotogrande-cap-cana","https://www.puntacanainvestmentsrd.com/en/properties/apartamento-lujo-piscuzzi-sotogrande-cap-cana",true,true
"apartamento-lujo-piscuzzi-sotogrande-cap-cana","en","https://www.puntacanainvestmentsrd.com/en/properties/apartamento-lujo-piscuzzi-sotogrande-cap-cana",200,"https://www.puntacanainvestmentsrd.com/en/properties/apartamento-lujo-piscuzzi-sotogrande-cap-cana",true,"Luxury Apartment in Sotogrande Cap Cana | Private Piscuzzi &amp; Beach | Punta Cana Investments",1,1,"Spectacular Luxury Apartment (2 Bed) with Piscuzzi and Private Beach View – Sotogrande, Cap Cana","https://www.puntacanainvestmentsrd.com/es/properties/apartamento-lujo-piscuzzi-sotogrande-cap-cana","https://www.puntacanainvestmentsrd.com/en/properties/apartamento-lujo-piscuzzi-sotogrande-cap-cana","https://www.puntacanainvestmentsrd.com/fr/properties/apartamento-lujo-piscuzzi-sotogrande-cap-cana","https://www.puntacanainvestmentsrd.com/en/properties/apartamento-lujo-piscuzzi-sotogrande-cap-cana",true,true
"apartamento-lujo-piscuzzi-sotogrande-cap-cana","fr","https://www.puntacanainvestmentsrd.com/fr/properties/apartamento-lujo-piscuzzi-sotogrande-cap-cana",200,"https://www.puntacanainvestmentsrd.com/fr/properties/apartamento-lujo-piscuzzi-sotogrande-cap-cana",true,"Appartement de Luxe à Sotogrande Cap Cana | Piscuzzi &amp; Plage Privée | Punta Cana Investments",1,1,"Spectaculaire Appartement de Luxe (2 Ch) avec Piscuzzi et Vue Plage Privée – Sotogrande, Cap Cana","https://www.puntacanainvestmentsrd.com/es/properties/apartamento-lujo-piscuzzi-sotogrande-cap-cana","https://www.puntacanainvestmentsrd.com/en/properties/apartamento-lujo-piscuzzi-sotogrande-cap-cana","https://www.puntacanainvestmentsrd.com/fr/properties/apartamento-lujo-piscuzzi-sotogrande-cap-cana","https://www.puntacanainvestmentsrd.com/en/properties/apartamento-lujo-piscuzzi-sotogrande-cap-cana",true,true
"villa-lujo-amueblada-piscina-white-sands","es","https://www.puntacanainvestmentsrd.com/es/properties/villa-lujo-amueblada-piscina-white-sands",200,"https://www.puntacanainvestmentsrd.com/es/properties/villa-lujo-amueblada-piscina-white-sands",true,"Espectacular Villa de Doble Altura Totalmente Amueblada con Piscina Privada en White Sands, Bávaro | Punta Cana Investments",1,1,"Espectacular Villa de Doble Altura Totalmente Amueblada con Piscina Privada en White Sands, Bávaro","https://www.puntacanainvestmentsrd.com/es/properties/villa-lujo-amueblada-piscina-white-sands","https://www.puntacanainvestmentsrd.com/en/properties/villa-lujo-amueblada-piscina-white-sands","https://www.puntacanainvestmentsrd.com/fr/properties/villa-lujo-amueblada-piscina-white-sands","https://www.puntacanainvestmentsrd.com/en/properties/villa-lujo-amueblada-piscina-white-sands",true,true
"villa-lujo-amueblada-piscina-white-sands","en","https://www.puntacanainvestmentsrd.com/en/properties/villa-lujo-amueblada-piscina-white-sands",200,"https://www.puntacanainvestmentsrd.com/en/properties/villa-lujo-amueblada-piscina-white-sands",true,"Espectacular Villa de Doble Altura Totalmente Amueblada con Piscina Privada en White Sands, Bávaro | Punta Cana Investments",1,1,"Spectacular Double-Height Fully Furnished Villa with Private Pool in White Sands, Bavaro","https://www.puntacanainvestmentsrd.com/es/properties/villa-lujo-amueblada-piscina-white-sands","https://www.puntacanainvestmentsrd.com/en/properties/villa-lujo-amueblada-piscina-white-sands","https://www.puntacanainvestmentsrd.com/fr/properties/villa-lujo-amueblada-piscina-white-sands","https://www.puntacanainvestmentsrd.com/en/properties/villa-lujo-amueblada-piscina-white-sands",true,true
"villa-lujo-amueblada-piscina-white-sands","fr","https://www.puntacanainvestmentsrd.com/fr/properties/villa-lujo-amueblada-piscina-white-sands",200,"https://www.puntacanainvestmentsrd.com/fr/properties/villa-lujo-amueblada-piscina-white-sands",true,"Espectacular Villa de Doble Altura Totalmente Amueblada con Piscina Privada en White Sands, Bávaro | Punta Cana Investments",1,1,"Spectaculaire villa double hauteur entièrement meublée avec piscine privée à White Sands, Bávaro","https://www.puntacanainvestmentsrd.com/es/properties/villa-lujo-amueblada-piscina-white-sands","https://www.puntacanainvestmentsrd.com/en/properties/villa-lujo-amueblada-piscina-white-sands","https://www.puntacanainvestmentsrd.com/fr/properties/villa-lujo-amueblada-piscina-white-sands","https://www.puntacanainvestmentsrd.com/en/properties/villa-lujo-amueblada-piscina-white-sands",true,true
"apartamento-lujo-coral-village-ii-el-cortecito-bavaro","es","https://www.puntacanainvestmentsrd.com/es/properties/apartamento-lujo-coral-village-ii-el-cortecito-bavaro",200,"https://www.puntacanainvestmentsrd.com/es/properties/apartamento-lujo-coral-village-ii-el-cortecito-bavaro",true,"Apartamento de Lujo en Coral Village II | El Cortecito, Bávaro | Punta Cana Investments",1,1,"Coral Village II | Apartamento de Lujo de 2 Hab frente a la Piscina","https://www.puntacanainvestmentsrd.com/es/properties/apartamento-lujo-coral-village-ii-el-cortecito-bavaro","https://www.puntacanainvestmentsrd.com/en/properties/apartamento-lujo-coral-village-ii-el-cortecito-bavaro","https://www.puntacanainvestmentsrd.com/fr/properties/apartamento-lujo-coral-village-ii-el-cortecito-bavaro","https://www.puntacanainvestmentsrd.com/en/properties/apartamento-lujo-coral-village-ii-el-cortecito-bavaro",true,true
"apartamento-lujo-coral-village-ii-el-cortecito-bavaro","en","https://www.puntacanainvestmentsrd.com/en/properties/apartamento-lujo-coral-village-ii-el-cortecito-bavaro",200,"https://www.puntacanainvestmentsrd.com/en/properties/apartamento-lujo-coral-village-ii-el-cortecito-bavaro",true,"Luxury 2-Bedroom Condo in Coral Village II | El Cortecito, Bavaro | Punta Cana Investments",1,1,"Coral Village II | Spectacular Luxury 2-Bedroom Pool-Front Condo","https://www.puntacanainvestmentsrd.com/es/properties/apartamento-lujo-coral-village-ii-el-cortecito-bavaro","https://www.puntacanainvestmentsrd.com/en/properties/apartamento-lujo-coral-village-ii-el-cortecito-bavaro","https://www.puntacanainvestmentsrd.com/fr/properties/apartamento-lujo-coral-village-ii-el-cortecito-bavaro","https://www.puntacanainvestmentsrd.com/en/properties/apartamento-lujo-coral-village-ii-el-cortecito-bavaro",true,true
"apartamento-lujo-coral-village-ii-el-cortecito-bavaro","fr","https://www.puntacanainvestmentsrd.com/fr/properties/apartamento-lujo-coral-village-ii-el-cortecito-bavaro",200,"https://www.puntacanainvestmentsrd.com/fr/properties/apartamento-lujo-coral-village-ii-el-cortecito-bavaro",true,"Appartement de Luxe à Coral Village II | El Cortecito, Bávaro | Punta Cana Investments",1,1,"Coral Village II | Superbe Appartement de Luxe de 2 Ch face à la Piscine","https://www.puntacanainvestmentsrd.com/es/properties/apartamento-lujo-coral-village-ii-el-cortecito-bavaro","https://www.puntacanainvestmentsrd.com/en/properties/apartamento-lujo-coral-village-ii-el-cortecito-bavaro","https://www.puntacanainvestmentsrd.com/fr/properties/apartamento-lujo-coral-village-ii-el-cortecito-bavaro","https://www.puntacanainvestmentsrd.com/en/properties/apartamento-lujo-coral-village-ii-el-cortecito-bavaro",true,true
"alquiler-villa-lujo-amueblada-piscina-white-sands","es","https://www.puntacanainvestmentsrd.com/es/properties/alquiler-villa-lujo-amueblada-piscina-white-sands",200,"https://www.puntacanainvestmentsrd.com/es/properties/alquiler-villa-lujo-amueblada-piscina-white-sands",true,"Alquiler | Villa de Lujo Amueblada con Piscina en White Sands | Punta Cana Investments",1,1,"Alquiler | Villa de Lujo Amueblada con Piscina en White Sands","https://www.puntacanainvestmentsrd.com/es/properties/alquiler-villa-lujo-amueblada-piscina-white-sands","https://www.puntacanainvestmentsrd.com/en/properties/alquiler-villa-lujo-amueblada-piscina-white-sands","https://www.puntacanainvestmentsrd.com/fr/properties/alquiler-villa-lujo-amueblada-piscina-white-sands","https://www.puntacanainvestmentsrd.com/en/properties/alquiler-villa-lujo-amueblada-piscina-white-sands",true,true
"alquiler-villa-lujo-amueblada-piscina-white-sands","en","https://www.puntacanainvestmentsrd.com/en/properties/alquiler-villa-lujo-amueblada-piscina-white-sands",200,"https://www.puntacanainvestmentsrd.com/en/properties/alquiler-villa-lujo-amueblada-piscina-white-sands",true,"Alquiler | Villa de Lujo Amueblada con Piscina en White Sands | Punta Cana Investments",1,1,"Rent | Furnished Luxury Villa with Pool in White Sands","https://www.puntacanainvestmentsrd.com/es/properties/alquiler-villa-lujo-amueblada-piscina-white-sands","https://www.puntacanainvestmentsrd.com/en/properties/alquiler-villa-lujo-amueblada-piscina-white-sands","https://www.puntacanainvestmentsrd.com/fr/properties/alquiler-villa-lujo-amueblada-piscina-white-sands","https://www.puntacanainvestmentsrd.com/en/properties/alquiler-villa-lujo-amueblada-piscina-white-sands",true,true
"alquiler-villa-lujo-amueblada-piscina-white-sands","fr","https://www.puntacanainvestmentsrd.com/fr/properties/alquiler-villa-lujo-amueblada-piscina-white-sands",200,"https://www.puntacanainvestmentsrd.com/fr/properties/alquiler-villa-lujo-amueblada-piscina-white-sands",true,"Alquiler | Villa de Lujo Amueblada con Piscina en White Sands | Punta Cana Investments",1,1,"Location | Villa de luxe meublée avec piscine à White Sands","https://www.puntacanainvestmentsrd.com/es/properties/alquiler-villa-lujo-amueblada-piscina-white-sands","https://www.puntacanainvestmentsrd.com/en/properties/alquiler-villa-lujo-amueblada-piscina-white-sands","https://www.puntacanainvestmentsrd.com/fr/properties/alquiler-villa-lujo-amueblada-piscina-white-sands","https://www.puntacanainvestmentsrd.com/en/properties/alquiler-villa-lujo-amueblada-piscina-white-sands",true,true
"luxury-villa-frame-cap-cana","es","https://www.puntacanainvestmentsrd.com/es/properties/luxury-villa-frame-cap-cana",200,"https://www.puntacanainvestmentsrd.com/es/properties/luxury-villa-frame-cap-cana",true,"Luxury Villa Frame en Cap Cana | Arquitectura, Exclusividad y Estilo de Vida Premium | Punta Cana Investments",1,1,"Luxury Villa Frame en Cap Cana | Arquitectura, Exclusividad y Estilo de Vida Premium","https://www.puntacanainvestmentsrd.com/es/properties/luxury-villa-frame-cap-cana","https://www.puntacanainvestmentsrd.com/en/properties/luxury-villa-frame-cap-cana","https://www.puntacanainvestmentsrd.com/fr/properties/luxury-villa-frame-cap-cana","https://www.puntacanainvestmentsrd.com/en/properties/luxury-villa-frame-cap-cana",true,true
"luxury-villa-frame-cap-cana","en","https://www.puntacanainvestmentsrd.com/en/properties/luxury-villa-frame-cap-cana",200,"https://www.puntacanainvestmentsrd.com/en/properties/luxury-villa-frame-cap-cana",true,"Luxury Villa Frame en Cap Cana | Arquitectura, Exclusividad y Estilo de Vida Premium | Punta Cana Investments",1,1,"Luxury Villa Frame in Cap Cana | Architecture, Exclusivity, and Premium Lifestyle","https://www.puntacanainvestmentsrd.com/es/properties/luxury-villa-frame-cap-cana","https://www.puntacanainvestmentsrd.com/en/properties/luxury-villa-frame-cap-cana","https://www.puntacanainvestmentsrd.com/fr/properties/luxury-villa-frame-cap-cana","https://www.puntacanainvestmentsrd.com/en/properties/luxury-villa-frame-cap-cana",true,true
"luxury-villa-frame-cap-cana","fr","https://www.puntacanainvestmentsrd.com/fr/properties/luxury-villa-frame-cap-cana",200,"https://www.puntacanainvestmentsrd.com/fr/properties/luxury-villa-frame-cap-cana",true,"Luxury Villa Frame en Cap Cana | Arquitectura, Exclusividad y Estilo de Vida Premium | Punta Cana Investments",1,1,"Cadre de Villa de Luxe à Cap Cana | Architecture, Exclusivité et Art de vivre Premium","https://www.puntacanainvestmentsrd.com/es/properties/luxury-villa-frame-cap-cana","https://www.puntacanainvestmentsrd.com/en/properties/luxury-villa-frame-cap-cana","https://www.puntacanainvestmentsrd.com/fr/properties/luxury-villa-frame-cap-cana","https://www.puntacanainvestmentsrd.com/en/properties/luxury-villa-frame-cap-cana",true,true
"luxury-villa-marina-cap-cana","es","https://www.puntacanainvestmentsrd.com/es/properties/luxury-villa-marina-cap-cana",200,"https://www.puntacanainvestmentsrd.com/es/properties/luxury-villa-marina-cap-cana",true,"Luxury Villa Marina Cap Cana | Punta Cana Investments",1,1,"Luxury Villa Marina Cap Cana","https://www.puntacanainvestmentsrd.com/es/properties/luxury-villa-marina-cap-cana","https://www.puntacanainvestmentsrd.com/en/properties/luxury-villa-marina-cap-cana","https://www.puntacanainvestmentsrd.com/fr/properties/luxury-villa-marina-cap-cana","https://www.puntacanainvestmentsrd.com/en/properties/luxury-villa-marina-cap-cana",true,true
"luxury-villa-marina-cap-cana","en","https://www.puntacanainvestmentsrd.com/en/properties/luxury-villa-marina-cap-cana",200,"https://www.puntacanainvestmentsrd.com/en/properties/luxury-villa-marina-cap-cana",true,"Luxury Villa Marina Cap Cana | Punta Cana Investments",1,1,"Luxury Villa Marina Cap Cana","https://www.puntacanainvestmentsrd.com/es/properties/luxury-villa-marina-cap-cana","https://www.puntacanainvestmentsrd.com/en/properties/luxury-villa-marina-cap-cana","https://www.puntacanainvestmentsrd.com/fr/properties/luxury-villa-marina-cap-cana","https://www.puntacanainvestmentsrd.com/en/properties/luxury-villa-marina-cap-cana",true,true
"luxury-villa-marina-cap-cana","fr","https://www.puntacanainvestmentsrd.com/fr/properties/luxury-villa-marina-cap-cana",200,"https://www.puntacanainvestmentsrd.com/fr/properties/luxury-villa-marina-cap-cana",true,"Luxury Villa Marina Cap Cana | Punta Cana Investments",1,1,"Villa de Luxe Marina Cap Cana","https://www.puntacanainvestmentsrd.com/es/properties/luxury-villa-marina-cap-cana","https://www.puntacanainvestmentsrd.com/en/properties/luxury-villa-marina-cap-cana","https://www.puntacanainvestmentsrd.com/fr/properties/luxury-villa-marina-cap-cana","https://www.puntacanainvestmentsrd.com/en/properties/luxury-villa-marina-cap-cana",true,true
"majestuosa-villa-plantacion-golf-lago-corales","es","https://www.puntacanainvestmentsrd.com/es/properties/majestuosa-villa-plantacion-golf-lago-corales",200,"https://www.puntacanainvestmentsrd.com/es/properties/majestuosa-villa-plantacion-golf-lago-corales",true,"Palacio Colonial con Vistas al Lago en Puntacana Resort &amp; Club | Punta Cana Investments",1,1,"Palacio Colonial con Vistas al Lago en Puntacana Resort &amp; Club","https://www.puntacanainvestmentsrd.com/es/properties/majestuosa-villa-plantacion-golf-lago-corales","https://www.puntacanainvestmentsrd.com/en/properties/majestuosa-villa-plantacion-golf-lago-corales","https://www.puntacanainvestmentsrd.com/fr/properties/majestuosa-villa-plantacion-golf-lago-corales","https://www.puntacanainvestmentsrd.com/en/properties/majestuosa-villa-plantacion-golf-lago-corales",true,true
"majestuosa-villa-plantacion-golf-lago-corales","en","https://www.puntacanainvestmentsrd.com/en/properties/majestuosa-villa-plantacion-golf-lago-corales",200,"https://www.puntacanainvestmentsrd.com/en/properties/majestuosa-villa-plantacion-golf-lago-corales",true,"Colonial Palace with Lake Views at Puntacana Resort &amp; Club | Punta Cana Investments",1,1,"Colonial Palace with Lake Views at Puntacana Resort &amp; Club","https://www.puntacanainvestmentsrd.com/es/properties/majestuosa-villa-plantacion-golf-lago-corales","https://www.puntacanainvestmentsrd.com/en/properties/majestuosa-villa-plantacion-golf-lago-corales","https://www.puntacanainvestmentsrd.com/fr/properties/majestuosa-villa-plantacion-golf-lago-corales","https://www.puntacanainvestmentsrd.com/en/properties/majestuosa-villa-plantacion-golf-lago-corales",true,true
"majestuosa-villa-plantacion-golf-lago-corales","fr","https://www.puntacanainvestmentsrd.com/fr/properties/majestuosa-villa-plantacion-golf-lago-corales",200,"https://www.puntacanainvestmentsrd.com/fr/properties/majestuosa-villa-plantacion-golf-lago-corales",true,"Palais Colonial avec Vue sur le Lac au Puntacana Resort &amp; Club | Punta Cana Investments",1,1,"Palais Colonial avec Vue sur le Lac au Puntacana Resort &amp; Club","https://www.puntacanainvestmentsrd.com/es/properties/majestuosa-villa-plantacion-golf-lago-corales","https://www.puntacanainvestmentsrd.com/en/properties/majestuosa-villa-plantacion-golf-lago-corales","https://www.puntacanainvestmentsrd.com/fr/properties/majestuosa-villa-plantacion-golf-lago-corales","https://www.puntacanainvestmentsrd.com/en/properties/majestuosa-villa-plantacion-golf-lago-corales",true,true
"villa-contemporanea-corales-vistas-golf-puntacana-resort","es","https://www.puntacanainvestmentsrd.com/es/properties/villa-contemporanea-corales-vistas-golf-puntacana-resort",200,"https://www.puntacanainvestmentsrd.com/es/properties/villa-contemporanea-corales-vistas-golf-puntacana-resort",true,"Villa Contemporánea en Corales | Vistas al Golf | US$6.2M | Punta Cana Investments",1,1,"Espectacular Villa de Diseño Contemporáneo-Tropical con Vistas al Golf en Corales – Puntacana Resort &amp; Club","https://www.puntacanainvestmentsrd.com/es/properties/villa-contemporanea-corales-vistas-golf-puntacana-resort","https://www.puntacanainvestmentsrd.com/en/properties/villa-contemporanea-corales-vistas-golf-puntacana-resort","https://www.puntacanainvestmentsrd.com/fr/properties/villa-contemporanea-corales-vistas-golf-puntacana-resort","https://www.puntacanainvestmentsrd.com/en/properties/villa-contemporanea-corales-vistas-golf-puntacana-resort",true,true
"villa-contemporanea-corales-vistas-golf-puntacana-resort","en","https://www.puntacanainvestmentsrd.com/en/properties/villa-contemporanea-corales-vistas-golf-puntacana-resort",200,"https://www.puntacanainvestmentsrd.com/en/properties/villa-contemporanea-corales-vistas-golf-puntacana-resort",true,"Contemporary Villa in Corales | Golf Views | US$6.2M | Punta Cana Investments",1,1,"Spectacular Contemporary-Tropical Design Villa with Golf Views in Corales – Puntacana Resort &amp; Club","https://www.puntacanainvestmentsrd.com/es/properties/villa-contemporanea-corales-vistas-golf-puntacana-resort","https://www.puntacanainvestmentsrd.com/en/properties/villa-contemporanea-corales-vistas-golf-puntacana-resort","https://www.puntacanainvestmentsrd.com/fr/properties/villa-contemporanea-corales-vistas-golf-puntacana-resort","https://www.puntacanainvestmentsrd.com/en/properties/villa-contemporanea-corales-vistas-golf-puntacana-resort",true,true
"villa-contemporanea-corales-vistas-golf-puntacana-resort","fr","https://www.puntacanainvestmentsrd.com/fr/properties/villa-contemporanea-corales-vistas-golf-puntacana-resort",200,"https://www.puntacanainvestmentsrd.com/fr/properties/villa-contemporanea-corales-vistas-golf-puntacana-resort",true,"Villa Contemporaine à Corales | Vue sur le Golf | 6,2 M$ US | Punta Cana Investments",1,1,"Spectaculaire Villa au Design Contemporain-Tropical avec Vue sur le Golf à Corales – Puntacana Resort &amp; Club","https://www.puntacanainvestmentsrd.com/es/properties/villa-contemporanea-corales-vistas-golf-puntacana-resort","https://www.puntacanainvestmentsrd.com/en/properties/villa-contemporanea-corales-vistas-golf-puntacana-resort","https://www.puntacanainvestmentsrd.com/fr/properties/villa-contemporanea-corales-vistas-golf-puntacana-resort","https://www.puntacanainvestmentsrd.com/en/properties/villa-contemporanea-corales-vistas-golf-puntacana-resort",true,true
"proyecto-villas-perla-bavaro-punta-cana","es","https://www.puntacanainvestmentsrd.com/es/properties/proyecto-villas-perla-bavaro-punta-cana",200,"https://www.puntacanainvestmentsrd.com/es/properties/proyecto-villas-perla-bavaro-punta-cana",true,"Proyecto Villas Perla | Modernidad, Ubicación Estratégica y Alta Rentabilidad en Bávaro – Punta Cana | Punta Cana Investments",1,1,"Proyecto Villas Perla | Modernidad, Ubicación Estratégica y Alta Rentabilidad en Bávaro – Punta Cana","https://www.puntacanainvestmentsrd.com/es/properties/proyecto-villas-perla-bavaro-punta-cana","https://www.puntacanainvestmentsrd.com/en/properties/proyecto-villas-perla-bavaro-punta-cana","https://www.puntacanainvestmentsrd.com/fr/properties/proyecto-villas-perla-bavaro-punta-cana","https://www.puntacanainvestmentsrd.com/en/properties/proyecto-villas-perla-bavaro-punta-cana",true,true
"proyecto-villas-perla-bavaro-punta-cana","en","https://www.puntacanainvestmentsrd.com/en/properties/proyecto-villas-perla-bavaro-punta-cana",200,"https://www.puntacanainvestmentsrd.com/en/properties/proyecto-villas-perla-bavaro-punta-cana",true,"Proyecto Villas Perla | Modernidad, Ubicación Estratégica y Alta Rentabilidad en Bávaro – Punta Cana | Punta Cana Investments",1,1,"Villas Perla Project | Modernity, Strategic Location, and High Profitability in Bavaro – Punta Cana","https://www.puntacanainvestmentsrd.com/es/properties/proyecto-villas-perla-bavaro-punta-cana","https://www.puntacanainvestmentsrd.com/en/properties/proyecto-villas-perla-bavaro-punta-cana","https://www.puntacanainvestmentsrd.com/fr/properties/proyecto-villas-perla-bavaro-punta-cana","https://www.puntacanainvestmentsrd.com/en/properties/proyecto-villas-perla-bavaro-punta-cana",true,true
"proyecto-villas-perla-bavaro-punta-cana","fr","https://www.puntacanainvestmentsrd.com/fr/properties/proyecto-villas-perla-bavaro-punta-cana",200,"https://www.puntacanainvestmentsrd.com/fr/properties/proyecto-villas-perla-bavaro-punta-cana",true,"Proyecto Villas Perla | Modernidad, Ubicación Estratégica y Alta Rentabilidad en Bávaro – Punta Cana | Punta Cana Investments",1,1,"Projet de Villas Perla | Modernité, emplacement stratégique et rentabilité élevée à Bávaro – Punta Cana","https://www.puntacanainvestmentsrd.com/es/properties/proyecto-villas-perla-bavaro-punta-cana","https://www.puntacanainvestmentsrd.com/en/properties/proyecto-villas-perla-bavaro-punta-cana","https://www.puntacanainvestmentsrd.com/fr/properties/proyecto-villas-perla-bavaro-punta-cana","https://www.puntacanainvestmentsrd.com/en/properties/proyecto-villas-perla-bavaro-punta-cana",true,true
"apartamento-amueblado-alquiler-habitat-residences-cap-cana","es","https://www.puntacanainvestmentsrd.com/es/properties/apartamento-amueblado-alquiler-habitat-residences-cap-cana",200,"https://www.puntacanainvestmentsrd.com/es/properties/apartamento-amueblado-alquiler-habitat-residences-cap-cana",true,"Apartamento amueblado de 1 habitación en alquiler en Ciudad Las Canas, Cap Cana | Punta Cana Investments",1,1,"Apartamento Amueblado de 1 Habitación en Hábitat Residences, Ciudad Las Canas – Cap Cana","https://www.puntacanainvestmentsrd.com/es/properties/apartamento-amueblado-alquiler-habitat-residences-cap-cana","https://www.puntacanainvestmentsrd.com/en/properties/apartamento-amueblado-alquiler-habitat-residences-cap-cana","https://www.puntacanainvestmentsrd.com/fr/properties/apartamento-amueblado-alquiler-habitat-residences-cap-cana","https://www.puntacanainvestmentsrd.com/en/properties/apartamento-amueblado-alquiler-habitat-residences-cap-cana",true,true
"apartamento-amueblado-alquiler-habitat-residences-cap-cana","en","https://www.puntacanainvestmentsrd.com/en/properties/apartamento-amueblado-alquiler-habitat-residences-cap-cana",200,"https://www.puntacanainvestmentsrd.com/en/properties/apartamento-amueblado-alquiler-habitat-residences-cap-cana",true,"Furnished 1-Bedroom Apartment for Rent in Ciudad Las Canas, Cap Cana | Punta Cana Investments",1,1,"Fully Furnished 1-Bedroom Apartment in Hábitat Residences, Ciudad Las Canas – Cap Cana","https://www.puntacanainvestmentsrd.com/es/properties/apartamento-amueblado-alquiler-habitat-residences-cap-cana","https://www.puntacanainvestmentsrd.com/en/properties/apartamento-amueblado-alquiler-habitat-residences-cap-cana","https://www.puntacanainvestmentsrd.com/fr/properties/apartamento-amueblado-alquiler-habitat-residences-cap-cana","https://www.puntacanainvestmentsrd.com/en/properties/apartamento-amueblado-alquiler-habitat-residences-cap-cana",true,true
"apartamento-amueblado-alquiler-habitat-residences-cap-cana","fr","https://www.puntacanainvestmentsrd.com/fr/properties/apartamento-amueblado-alquiler-habitat-residences-cap-cana",200,"https://www.puntacanainvestmentsrd.com/fr/properties/apartamento-amueblado-alquiler-habitat-residences-cap-cana",true,"Appartement 1 Chambre Meublé à Louer à Ciudad Las Canas, Cap Cana | Punta Cana Investments",1,1,"Appartement 1 Chambre Entièrement Meublé à Hábitat Residences, Ciudad Las Canas – Cap Cana","https://www.puntacanainvestmentsrd.com/es/properties/apartamento-amueblado-alquiler-habitat-residences-cap-cana","https://www.puntacanainvestmentsrd.com/en/properties/apartamento-amueblado-alquiler-habitat-residences-cap-cana","https://www.puntacanainvestmentsrd.com/fr/properties/apartamento-amueblado-alquiler-habitat-residences-cap-cana","https://www.puntacanainvestmentsrd.com/en/properties/apartamento-amueblado-alquiler-habitat-residences-cap-cana",true,true
"majestuosa-villa-ultra-lujo-corales-puntacana-resort-club","es","https://www.puntacanainvestmentsrd.com/es/properties/majestuosa-villa-ultra-lujo-corales-puntacana-resort-club",200,"https://www.puntacanainvestmentsrd.com/es/properties/majestuosa-villa-ultra-lujo-corales-puntacana-resort-club",true,"Mansión Frente al Mar en Corales: Propiedad de Ultra-Lujo en Punta Cana | Punta Cana Investments",1,1,"Mansión Frente al Mar en Corales: Propiedad de Ultra-Lujo en Punta Cana","https://www.puntacanainvestmentsrd.com/es/properties/majestuosa-villa-ultra-lujo-corales-puntacana-resort-club","https://www.puntacanainvestmentsrd.com/en/properties/majestuosa-villa-ultra-lujo-corales-puntacana-resort-club","https://www.puntacanainvestmentsrd.com/fr/properties/majestuosa-villa-ultra-lujo-corales-puntacana-resort-club","https://www.puntacanainvestmentsrd.com/en/properties/majestuosa-villa-ultra-lujo-corales-puntacana-resort-club",true,true
"majestuosa-villa-ultra-lujo-corales-puntacana-resort-club","en","https://www.puntacanainvestmentsrd.com/en/properties/majestuosa-villa-ultra-lujo-corales-puntacana-resort-club",200,"https://www.puntacanainvestmentsrd.com/en/properties/majestuosa-villa-ultra-lujo-corales-puntacana-resort-club",true,"Oceanfront Mansion in Corales: Ultra-Luxury Property in Punta Cana | Punta Cana Investments",1,1,"Oceanfront Mansion in Corales: Ultra-Luxury Property in Punta Cana","https://www.puntacanainvestmentsrd.com/es/properties/majestuosa-villa-ultra-lujo-corales-puntacana-resort-club","https://www.puntacanainvestmentsrd.com/en/properties/majestuosa-villa-ultra-lujo-corales-puntacana-resort-club","https://www.puntacanainvestmentsrd.com/fr/properties/majestuosa-villa-ultra-lujo-corales-puntacana-resort-club","https://www.puntacanainvestmentsrd.com/en/properties/majestuosa-villa-ultra-lujo-corales-puntacana-resort-club",true,true
"majestuosa-villa-ultra-lujo-corales-puntacana-resort-club","fr","https://www.puntacanainvestmentsrd.com/fr/properties/majestuosa-villa-ultra-lujo-corales-puntacana-resort-club",200,"https://www.puntacanainvestmentsrd.com/fr/properties/majestuosa-villa-ultra-lujo-corales-puntacana-resort-club",true,"Manoir en Bord de Mer à Corales : Propriété d&#x27;Ultra-Luxe à Punta Cana | Punta Cana Investments",1,1,"Manoir en Bord de Mer à Corales : Propriété d&#x27;Ultra-Luxe à Punta Cana","https://www.puntacanainvestmentsrd.com/es/properties/majestuosa-villa-ultra-lujo-corales-puntacana-resort-club","https://www.puntacanainvestmentsrd.com/en/properties/majestuosa-villa-ultra-lujo-corales-puntacana-resort-club","https://www.puntacanainvestmentsrd.com/fr/properties/majestuosa-villa-ultra-lujo-corales-puntacana-resort-club","https://www.puntacanainvestmentsrd.com/en/properties/majestuosa-villa-ultra-lujo-corales-puntacana-resort-club",true,true
"terreno-hotelero-miches-playa-esmeralda","es","https://www.puntacanainvestmentsrd.com/es/properties/terreno-hotelero-miches-playa-esmeralda",200,"https://www.puntacanainvestmentsrd.com/es/properties/terreno-hotelero-miches-playa-esmeralda",true,"Terreno con Playa en Miches, para Hoteles o Residenciales | 1.18M m² | Punta Cana Investments",1,1,"Terreno con Playa en Miches, para Hoteles o Residenciales","https://www.puntacanainvestmentsrd.com/es/properties/terreno-hotelero-miches-playa-esmeralda","https://www.puntacanainvestmentsrd.com/en/properties/terreno-hotelero-miches-playa-esmeralda","https://www.puntacanainvestmentsrd.com/fr/properties/terreno-hotelero-miches-playa-esmeralda","https://www.puntacanainvestmentsrd.com/en/properties/terreno-hotelero-miches-playa-esmeralda",true,true
"terreno-hotelero-miches-playa-esmeralda","en","https://www.puntacanainvestmentsrd.com/en/properties/terreno-hotelero-miches-playa-esmeralda",200,"https://www.puntacanainvestmentsrd.com/en/properties/terreno-hotelero-miches-playa-esmeralda",true,"Beachfront Land in Miches, for Hotel or Gated Residential Development | Punta Cana Investments",1,1,"Beachfront Land in Miches, for Hotel or Gated Residential Development","https://www.puntacanainvestmentsrd.com/es/properties/terreno-hotelero-miches-playa-esmeralda","https://www.puntacanainvestmentsrd.com/en/properties/terreno-hotelero-miches-playa-esmeralda","https://www.puntacanainvestmentsrd.com/fr/properties/terreno-hotelero-miches-playa-esmeralda","https://www.puntacanainvestmentsrd.com/en/properties/terreno-hotelero-miches-playa-esmeralda",true,true
"terreno-hotelero-miches-playa-esmeralda","fr","https://www.puntacanainvestmentsrd.com/fr/properties/terreno-hotelero-miches-playa-esmeralda",200,"https://www.puntacanainvestmentsrd.com/fr/properties/terreno-hotelero-miches-playa-esmeralda",true,"Terrain avec Plage à Miches, pour Projets Hôteliers ou Résidentiels | 1.18M m² | Punta Cana Investments",1,1,"Terrain avec Plage à Miches, pour Projets Hôteliers ou Résidentiels","https://www.puntacanainvestmentsrd.com/es/properties/terreno-hotelero-miches-playa-esmeralda","https://www.puntacanainvestmentsrd.com/en/properties/terreno-hotelero-miches-playa-esmeralda","https://www.puntacanainvestmentsrd.com/fr/properties/terreno-hotelero-miches-playa-esmeralda","https://www.puntacanainvestmentsrd.com/en/properties/terreno-hotelero-miches-playa-esmeralda",true,true
"villa-en-renta-ocean-21-marina-cap-cana-amueblada","es","https://www.puntacanainvestmentsrd.com/es/properties/villa-en-renta-ocean-21-marina-cap-cana-amueblada",200,"https://www.puntacanainvestmentsrd.com/es/properties/villa-en-renta-ocean-21-marina-cap-cana-amueblada",true,"Villa en Renta Ocean 21 Marina Cap Cana | Punta Cana Investments",1,1,"Villa en Renta Ocean 21 Marina Cap Cana","https://www.puntacanainvestmentsrd.com/es/properties/villa-en-renta-ocean-21-marina-cap-cana-amueblada","https://www.puntacanainvestmentsrd.com/en/properties/villa-en-renta-ocean-21-marina-cap-cana-amueblada","https://www.puntacanainvestmentsrd.com/fr/properties/villa-en-renta-ocean-21-marina-cap-cana-amueblada","https://www.puntacanainvestmentsrd.com/en/properties/villa-en-renta-ocean-21-marina-cap-cana-amueblada",true,true
"villa-en-renta-ocean-21-marina-cap-cana-amueblada","en","https://www.puntacanainvestmentsrd.com/en/properties/villa-en-renta-ocean-21-marina-cap-cana-amueblada",200,"https://www.puntacanainvestmentsrd.com/en/properties/villa-en-renta-ocean-21-marina-cap-cana-amueblada",true,"Villa en Renta Ocean 21 Marina Cap Cana | Punta Cana Investments",1,1,"Villa for Rent Ocean 21 Marina Cap Cana","https://www.puntacanainvestmentsrd.com/es/properties/villa-en-renta-ocean-21-marina-cap-cana-amueblada","https://www.puntacanainvestmentsrd.com/en/properties/villa-en-renta-ocean-21-marina-cap-cana-amueblada","https://www.puntacanainvestmentsrd.com/fr/properties/villa-en-renta-ocean-21-marina-cap-cana-amueblada","https://www.puntacanainvestmentsrd.com/en/properties/villa-en-renta-ocean-21-marina-cap-cana-amueblada",true,true
"villa-en-renta-ocean-21-marina-cap-cana-amueblada","fr","https://www.puntacanainvestmentsrd.com/fr/properties/villa-en-renta-ocean-21-marina-cap-cana-amueblada",200,"https://www.puntacanainvestmentsrd.com/fr/properties/villa-en-renta-ocean-21-marina-cap-cana-amueblada",true,"Villa en Renta Ocean 21 Marina Cap Cana | Punta Cana Investments",1,1,"Villa à Louer Océan 21 Marina Cap Cana","https://www.puntacanainvestmentsrd.com/es/properties/villa-en-renta-ocean-21-marina-cap-cana-amueblada","https://www.puntacanainvestmentsrd.com/en/properties/villa-en-renta-ocean-21-marina-cap-cana-amueblada","https://www.puntacanainvestmentsrd.com/fr/properties/villa-en-renta-ocean-21-marina-cap-cana-amueblada","https://www.puntacanainvestmentsrd.com/en/properties/villa-en-renta-ocean-21-marina-cap-cana-amueblada",true,true
"villa-en-renta-white-sands-punta-cana-amueblada","es","https://www.puntacanainvestmentsrd.com/es/properties/villa-en-renta-white-sands-punta-cana-amueblada",200,"https://www.puntacanainvestmentsrd.com/es/properties/villa-en-renta-white-sands-punta-cana-amueblada",true,"Villa en Renta Amueblada en White Sands Punta Cana | Punta Cana Investments",1,1,"Villa en Renta Amueblada en White Sands Punta Cana","https://www.puntacanainvestmentsrd.com/es/properties/villa-en-renta-white-sands-punta-cana-amueblada","https://www.puntacanainvestmentsrd.com/en/properties/villa-en-renta-white-sands-punta-cana-amueblada","https://www.puntacanainvestmentsrd.com/fr/properties/villa-en-renta-white-sands-punta-cana-amueblada","https://www.puntacanainvestmentsrd.com/en/properties/villa-en-renta-white-sands-punta-cana-amueblada",true,true
"villa-en-renta-white-sands-punta-cana-amueblada","en","https://www.puntacanainvestmentsrd.com/en/properties/villa-en-renta-white-sands-punta-cana-amueblada",200,"https://www.puntacanainvestmentsrd.com/en/properties/villa-en-renta-white-sands-punta-cana-amueblada",true,"Villa en Renta Amueblada en White Sands Punta Cana | Punta Cana Investments",1,1,"Furnished Villa for Rent in White Sands Punta Cana","https://www.puntacanainvestmentsrd.com/es/properties/villa-en-renta-white-sands-punta-cana-amueblada","https://www.puntacanainvestmentsrd.com/en/properties/villa-en-renta-white-sands-punta-cana-amueblada","https://www.puntacanainvestmentsrd.com/fr/properties/villa-en-renta-white-sands-punta-cana-amueblada","https://www.puntacanainvestmentsrd.com/en/properties/villa-en-renta-white-sands-punta-cana-amueblada",true,true
"villa-en-renta-white-sands-punta-cana-amueblada","fr","https://www.puntacanainvestmentsrd.com/fr/properties/villa-en-renta-white-sands-punta-cana-amueblada",200,"https://www.puntacanainvestmentsrd.com/fr/properties/villa-en-renta-white-sands-punta-cana-amueblada",true,"Villa en Renta Amueblada en White Sands Punta Cana | Punta Cana Investments",1,1,"Villa meublée à louer à White Sands Punta Cana","https://www.puntacanainvestmentsrd.com/es/properties/villa-en-renta-white-sands-punta-cana-amueblada","https://www.puntacanainvestmentsrd.com/en/properties/villa-en-renta-white-sands-punta-cana-amueblada","https://www.puntacanainvestmentsrd.com/fr/properties/villa-en-renta-white-sands-punta-cana-amueblada","https://www.puntacanainvestmentsrd.com/en/properties/villa-en-renta-white-sands-punta-cana-amueblada",true,true
"villa-en-venta-en-white-sands-punta-cana","es","https://www.puntacanainvestmentsrd.com/es/properties/villa-en-venta-en-white-sands-punta-cana",200,"https://www.puntacanainvestmentsrd.com/es/properties/villa-en-venta-en-white-sands-punta-cana",true,"Villa en Venta en White Sands Punta Cana | Punta Cana Investments",1,1,"Villa en Venta en White Sands Punta Cana","https://www.puntacanainvestmentsrd.com/es/properties/villa-en-venta-en-white-sands-punta-cana","https://www.puntacanainvestmentsrd.com/en/properties/villa-en-venta-en-white-sands-punta-cana","https://www.puntacanainvestmentsrd.com/fr/properties/villa-en-venta-en-white-sands-punta-cana","https://www.puntacanainvestmentsrd.com/en/properties/villa-en-venta-en-white-sands-punta-cana",true,true
"villa-en-venta-en-white-sands-punta-cana","en","https://www.puntacanainvestmentsrd.com/en/properties/villa-en-venta-en-white-sands-punta-cana",200,"https://www.puntacanainvestmentsrd.com/en/properties/villa-en-venta-en-white-sands-punta-cana",true,"Villa en Venta en White Sands Punta Cana | Punta Cana Investments",1,1,"Villa for Sale in White Sands Punta Cana","https://www.puntacanainvestmentsrd.com/es/properties/villa-en-venta-en-white-sands-punta-cana","https://www.puntacanainvestmentsrd.com/en/properties/villa-en-venta-en-white-sands-punta-cana","https://www.puntacanainvestmentsrd.com/fr/properties/villa-en-venta-en-white-sands-punta-cana","https://www.puntacanainvestmentsrd.com/en/properties/villa-en-venta-en-white-sands-punta-cana",true,true
"villa-en-venta-en-white-sands-punta-cana","fr","https://www.puntacanainvestmentsrd.com/fr/properties/villa-en-venta-en-white-sands-punta-cana",200,"https://www.puntacanainvestmentsrd.com/fr/properties/villa-en-venta-en-white-sands-punta-cana",true,"Villa en Venta en White Sands Punta Cana | Punta Cana Investments",1,1,"Villa à vendre à White Sands Punta Cana","https://www.puntacanainvestmentsrd.com/es/properties/villa-en-venta-en-white-sands-punta-cana","https://www.puntacanainvestmentsrd.com/en/properties/villa-en-venta-en-white-sands-punta-cana","https://www.puntacanainvestmentsrd.com/fr/properties/villa-en-venta-en-white-sands-punta-cana","https://www.puntacanainvestmentsrd.com/en/properties/villa-en-venta-en-white-sands-punta-cana",true,true
"villa-lujo-cap-cana-exclusividad-privacidad","es","https://www.puntacanainvestmentsrd.com/es/properties/villa-lujo-cap-cana-exclusividad-privacidad",200,"https://www.puntacanainvestmentsrd.com/es/properties/villa-lujo-cap-cana-exclusividad-privacidad",true,"Villa de Lujo en Cap Cana | Exclusividad, Privacidad y Estilo de Vida Elite | Punta Cana Investments",1,1,"Villa de Lujo en Cap Cana | Exclusividad, Privacidad y Estilo de Vida Elite","https://www.puntacanainvestmentsrd.com/es/properties/villa-lujo-cap-cana-exclusividad-privacidad","https://www.puntacanainvestmentsrd.com/en/properties/villa-lujo-cap-cana-exclusividad-privacidad","https://www.puntacanainvestmentsrd.com/fr/properties/villa-lujo-cap-cana-exclusividad-privacidad","https://www.puntacanainvestmentsrd.com/en/properties/villa-lujo-cap-cana-exclusividad-privacidad",true,true
"villa-lujo-cap-cana-exclusividad-privacidad","en","https://www.puntacanainvestmentsrd.com/en/properties/villa-lujo-cap-cana-exclusividad-privacidad",200,"https://www.puntacanainvestmentsrd.com/en/properties/villa-lujo-cap-cana-exclusividad-privacidad",true,"Villa de Lujo en Cap Cana | Exclusividad, Privacidad y Estilo de Vida Elite | Punta Cana Investments",1,1,"Luxury Villa in Cap Cana | Exclusivity, Privacy, and Elite Lifestyle","https://www.puntacanainvestmentsrd.com/es/properties/villa-lujo-cap-cana-exclusividad-privacidad","https://www.puntacanainvestmentsrd.com/en/properties/villa-lujo-cap-cana-exclusividad-privacidad","https://www.puntacanainvestmentsrd.com/fr/properties/villa-lujo-cap-cana-exclusividad-privacidad","https://www.puntacanainvestmentsrd.com/en/properties/villa-lujo-cap-cana-exclusividad-privacidad",true,true
"villa-lujo-cap-cana-exclusividad-privacidad","fr","https://www.puntacanainvestmentsrd.com/fr/properties/villa-lujo-cap-cana-exclusividad-privacidad",200,"https://www.puntacanainvestmentsrd.com/fr/properties/villa-lujo-cap-cana-exclusividad-privacidad",true,"Villa de Lujo en Cap Cana | Exclusividad, Privacidad y Estilo de Vida Elite | Punta Cana Investments",1,1,"Villa de Luxe à Cap Cana | Exclusivité, confidentialité et style de vie d&#x27;élite","https://www.puntacanainvestmentsrd.com/es/properties/villa-lujo-cap-cana-exclusividad-privacidad","https://www.puntacanainvestmentsrd.com/en/properties/villa-lujo-cap-cana-exclusividad-privacidad","https://www.puntacanainvestmentsrd.com/fr/properties/villa-lujo-cap-cana-exclusividad-privacidad","https://www.puntacanainvestmentsrd.com/en/properties/villa-lujo-cap-cana-exclusividad-privacidad",true,true
"villa-ocean-21-marina-cap-cana","es","https://www.puntacanainvestmentsrd.com/es/properties/villa-ocean-21-marina-cap-cana",200,"https://www.puntacanainvestmentsrd.com/es/properties/villa-ocean-21-marina-cap-cana",true,"Villas | Ocean 21 Marina Cap Cana | Punta Cana Investments",1,1,"Villas | Ocean 21 Marina Cap Cana","https://www.puntacanainvestmentsrd.com/es/properties/villa-ocean-21-marina-cap-cana","https://www.puntacanainvestmentsrd.com/en/properties/villa-ocean-21-marina-cap-cana","https://www.puntacanainvestmentsrd.com/fr/properties/villa-ocean-21-marina-cap-cana","https://www.puntacanainvestmentsrd.com/en/properties/villa-ocean-21-marina-cap-cana",true,true
"villa-ocean-21-marina-cap-cana","en","https://www.puntacanainvestmentsrd.com/en/properties/villa-ocean-21-marina-cap-cana",200,"https://www.puntacanainvestmentsrd.com/en/properties/villa-ocean-21-marina-cap-cana",true,"Villas | Ocean 21 Marina Cap Cana | Punta Cana Investments",1,1,"Villas | Ocean 21 Marina Cap Cana","https://www.puntacanainvestmentsrd.com/es/properties/villa-ocean-21-marina-cap-cana","https://www.puntacanainvestmentsrd.com/en/properties/villa-ocean-21-marina-cap-cana","https://www.puntacanainvestmentsrd.com/fr/properties/villa-ocean-21-marina-cap-cana","https://www.puntacanainvestmentsrd.com/en/properties/villa-ocean-21-marina-cap-cana",true,true
"villa-ocean-21-marina-cap-cana","fr","https://www.puntacanainvestmentsrd.com/fr/properties/villa-ocean-21-marina-cap-cana",200,"https://www.puntacanainvestmentsrd.com/fr/properties/villa-ocean-21-marina-cap-cana",true,"Villas | Ocean 21 Marina Cap Cana | Punta Cana Investments",1,1,"Villas | Océan 21 Marina Cap Cana","https://www.puntacanainvestmentsrd.com/es/properties/villa-ocean-21-marina-cap-cana","https://www.puntacanainvestmentsrd.com/en/properties/villa-ocean-21-marina-cap-cana","https://www.puntacanainvestmentsrd.com/fr/properties/villa-ocean-21-marina-cap-cana","https://www.puntacanainvestmentsrd.com/en/properties/villa-ocean-21-marina-cap-cana",true,true
"villas-diana-tropical-village-brisas-punta-cana","es","https://www.puntacanainvestmentsrd.com/es/properties/villas-diana-tropical-village-brisas-punta-cana",200,"https://www.puntacanainvestmentsrd.com/es/properties/villas-diana-tropical-village-brisas-punta-cana",true,"Villas | Diana Tropical Village Brisas Punta Cana | Punta Cana Investments",1,1,"Villas | Diana Tropical Village Brisas Punta Cana","https://www.puntacanainvestmentsrd.com/es/properties/villas-diana-tropical-village-brisas-punta-cana","https://www.puntacanainvestmentsrd.com/en/properties/villas-diana-tropical-village-brisas-punta-cana","https://www.puntacanainvestmentsrd.com/fr/properties/villas-diana-tropical-village-brisas-punta-cana","https://www.puntacanainvestmentsrd.com/en/properties/villas-diana-tropical-village-brisas-punta-cana",true,true
"villas-diana-tropical-village-brisas-punta-cana","en","https://www.puntacanainvestmentsrd.com/en/properties/villas-diana-tropical-village-brisas-punta-cana",200,"https://www.puntacanainvestmentsrd.com/en/properties/villas-diana-tropical-village-brisas-punta-cana",true,"Villas | Diana Tropical Village Brisas Punta Cana | Punta Cana Investments",1,1,"Villas | Diana Tropical Village Brisas Punta Cana","https://www.puntacanainvestmentsrd.com/es/properties/villas-diana-tropical-village-brisas-punta-cana","https://www.puntacanainvestmentsrd.com/en/properties/villas-diana-tropical-village-brisas-punta-cana","https://www.puntacanainvestmentsrd.com/fr/properties/villas-diana-tropical-village-brisas-punta-cana","https://www.puntacanainvestmentsrd.com/en/properties/villas-diana-tropical-village-brisas-punta-cana",true,true
"villas-diana-tropical-village-brisas-punta-cana","fr","https://www.puntacanainvestmentsrd.com/fr/properties/villas-diana-tropical-village-brisas-punta-cana",200,"https://www.puntacanainvestmentsrd.com/fr/properties/villas-diana-tropical-village-brisas-punta-cana",true,"Villas | Diana Tropical Village Brisas Punta Cana | Punta Cana Investments",1,1,"Villas | Diana Tropical Village Brisas Punta Cana","https://www.puntacanainvestmentsrd.com/es/properties/villas-diana-tropical-village-brisas-punta-cana","https://www.puntacanainvestmentsrd.com/en/properties/villas-diana-tropical-village-brisas-punta-cana","https://www.puntacanainvestmentsrd.com/fr/properties/villas-diana-tropical-village-brisas-punta-cana","https://www.puntacanainvestmentsrd.com/en/properties/villas-diana-tropical-village-brisas-punta-cana",true,true
"villas-kerry-residences-vista-cana-punta-cana","es","https://www.puntacanainvestmentsrd.com/es/properties/villas-kerry-residences-vista-cana-punta-cana",200,"https://www.puntacanainvestmentsrd.com/es/properties/villas-kerry-residences-vista-cana-punta-cana",true,"Villas | Kerry Residences Vista Cana Punta Cana | Punta Cana Investments",1,1,"Villas | Kerry Residences Vista Cana Punta Cana","https://www.puntacanainvestmentsrd.com/es/properties/villas-kerry-residences-vista-cana-punta-cana","https://www.puntacanainvestmentsrd.com/en/properties/villas-kerry-residences-vista-cana-punta-cana","https://www.puntacanainvestmentsrd.com/fr/properties/villas-kerry-residences-vista-cana-punta-cana","https://www.puntacanainvestmentsrd.com/en/properties/villas-kerry-residences-vista-cana-punta-cana",true,true
"villas-kerry-residences-vista-cana-punta-cana","en","https://www.puntacanainvestmentsrd.com/en/properties/villas-kerry-residences-vista-cana-punta-cana",200,"https://www.puntacanainvestmentsrd.com/en/properties/villas-kerry-residences-vista-cana-punta-cana",true,"Villas | Kerry Residences Vista Cana Punta Cana | Punta Cana Investments",1,1,"Villas | Kerry Residences Vista Cana Punta Cana","https://www.puntacanainvestmentsrd.com/es/properties/villas-kerry-residences-vista-cana-punta-cana","https://www.puntacanainvestmentsrd.com/en/properties/villas-kerry-residences-vista-cana-punta-cana","https://www.puntacanainvestmentsrd.com/fr/properties/villas-kerry-residences-vista-cana-punta-cana","https://www.puntacanainvestmentsrd.com/en/properties/villas-kerry-residences-vista-cana-punta-cana",true,true
"villas-kerry-residences-vista-cana-punta-cana","fr","https://www.puntacanainvestmentsrd.com/fr/properties/villas-kerry-residences-vista-cana-punta-cana",200,"https://www.puntacanainvestmentsrd.com/fr/properties/villas-kerry-residences-vista-cana-punta-cana",true,"Villas | Kerry Residences Vista Cana Punta Cana | Punta Cana Investments",1,1,"Villas | Kerry Residences Vista Cana Punta Cana","https://www.puntacanainvestmentsrd.com/es/properties/villas-kerry-residences-vista-cana-punta-cana","https://www.puntacanainvestmentsrd.com/en/properties/villas-kerry-residences-vista-cana-punta-cana","https://www.puntacanainvestmentsrd.com/fr/properties/villas-kerry-residences-vista-cana-punta-cana","https://www.puntacanainvestmentsrd.com/en/properties/villas-kerry-residences-vista-cana-punta-cana",true,true
"villas-ocean-village-white-sands","es","https://www.puntacanainvestmentsrd.com/es/properties/villas-ocean-village-white-sands",200,"https://www.puntacanainvestmentsrd.com/es/properties/villas-ocean-village-white-sands",true,"Villas | Ocean Village White Sands Punta Cana | Punta Cana Investments",1,1,"Villas | Ocean Village White Sands Punta Cana","https://www.puntacanainvestmentsrd.com/es/properties/villas-ocean-village-white-sands","https://www.puntacanainvestmentsrd.com/en/properties/villas-ocean-village-white-sands","https://www.puntacanainvestmentsrd.com/fr/properties/villas-ocean-village-white-sands","https://www.puntacanainvestmentsrd.com/en/properties/villas-ocean-village-white-sands",true,true
"villas-ocean-village-white-sands","en","https://www.puntacanainvestmentsrd.com/en/properties/villas-ocean-village-white-sands",200,"https://www.puntacanainvestmentsrd.com/en/properties/villas-ocean-village-white-sands",true,"Villas | Ocean Village White Sands Punta Cana | Punta Cana Investments",1,1,"Villas | Ocean Village White Sands Punta Cana","https://www.puntacanainvestmentsrd.com/es/properties/villas-ocean-village-white-sands","https://www.puntacanainvestmentsrd.com/en/properties/villas-ocean-village-white-sands","https://www.puntacanainvestmentsrd.com/fr/properties/villas-ocean-village-white-sands","https://www.puntacanainvestmentsrd.com/en/properties/villas-ocean-village-white-sands",true,true
"villas-ocean-village-white-sands","fr","https://www.puntacanainvestmentsrd.com/fr/properties/villas-ocean-village-white-sands",200,"https://www.puntacanainvestmentsrd.com/fr/properties/villas-ocean-village-white-sands",true,"Villas | Ocean Village White Sands Punta Cana | Punta Cana Investments",1,1,"Villas | Ocean Village White Sands Punta Cana","https://www.puntacanainvestmentsrd.com/es/properties/villas-ocean-village-white-sands","https://www.puntacanainvestmentsrd.com/en/properties/villas-ocean-village-white-sands","https://www.puntacanainvestmentsrd.com/fr/properties/villas-ocean-village-white-sands","https://www.puntacanainvestmentsrd.com/en/properties/villas-ocean-village-white-sands",true,true
"villas-perla-del-mar-rooftop-white-sands","es","https://www.puntacanainvestmentsrd.com/es/properties/villas-perla-del-mar-rooftop-white-sands",200,"https://www.puntacanainvestmentsrd.com/es/properties/villas-perla-del-mar-rooftop-white-sands",true,"Rooftop Villa | Perla del Mar White Sands Punta Cana | Punta Cana Investments",1,1,"Villa con Rooftop | Perla del Mar White Sands Punta Cana","https://www.puntacanainvestmentsrd.com/es/properties/villas-perla-del-mar-rooftop-white-sands","https://www.puntacanainvestmentsrd.com/en/properties/villas-perla-del-mar-rooftop-white-sands","https://www.puntacanainvestmentsrd.com/fr/properties/villas-perla-del-mar-rooftop-white-sands","https://www.puntacanainvestmentsrd.com/en/properties/villas-perla-del-mar-rooftop-white-sands",true,true
"villas-perla-del-mar-rooftop-white-sands","en","https://www.puntacanainvestmentsrd.com/en/properties/villas-perla-del-mar-rooftop-white-sands",200,"https://www.puntacanainvestmentsrd.com/en/properties/villas-perla-del-mar-rooftop-white-sands",true,"Rooftop Villa | Perla del Mar White Sands Punta Cana | Punta Cana Investments",1,1,"Rooftop Villa | Perla del Mar White Sands Punta Cana","https://www.puntacanainvestmentsrd.com/es/properties/villas-perla-del-mar-rooftop-white-sands","https://www.puntacanainvestmentsrd.com/en/properties/villas-perla-del-mar-rooftop-white-sands","https://www.puntacanainvestmentsrd.com/fr/properties/villas-perla-del-mar-rooftop-white-sands","https://www.puntacanainvestmentsrd.com/en/properties/villas-perla-del-mar-rooftop-white-sands",true,true
"villas-perla-del-mar-rooftop-white-sands","fr","https://www.puntacanainvestmentsrd.com/fr/properties/villas-perla-del-mar-rooftop-white-sands",200,"https://www.puntacanainvestmentsrd.com/fr/properties/villas-perla-del-mar-rooftop-white-sands",true,"Rooftop Villa | Perla del Mar White Sands Punta Cana | Punta Cana Investments",1,1,"Villa avec Rooftop | Perle de la mer Sables blancs Punta Cana","https://www.puntacanainvestmentsrd.com/es/properties/villas-perla-del-mar-rooftop-white-sands","https://www.puntacanainvestmentsrd.com/en/properties/villas-perla-del-mar-rooftop-white-sands","https://www.puntacanainvestmentsrd.com/fr/properties/villas-perla-del-mar-rooftop-white-sands","https://www.puntacanainvestmentsrd.com/en/properties/villas-perla-del-mar-rooftop-white-sands",true,true
"villas-perla-del-mar-white-sands","es","https://www.puntacanainvestmentsrd.com/es/properties/villas-perla-del-mar-white-sands",200,"https://www.puntacanainvestmentsrd.com/es/properties/villas-perla-del-mar-white-sands",true,"Large Villas | Perla del Mar White Sands Punta Cana | Punta Cana Investments",1,1,"Villas Grande | Perla del Mar White Sands Punta Cana","https://www.puntacanainvestmentsrd.com/es/properties/villas-perla-del-mar-white-sands","https://www.puntacanainvestmentsrd.com/en/properties/villas-perla-del-mar-white-sands","https://www.puntacanainvestmentsrd.com/fr/properties/villas-perla-del-mar-white-sands","https://www.puntacanainvestmentsrd.com/en/properties/villas-perla-del-mar-white-sands",true,true
"villas-perla-del-mar-white-sands","en","https://www.puntacanainvestmentsrd.com/en/properties/villas-perla-del-mar-white-sands",200,"https://www.puntacanainvestmentsrd.com/en/properties/villas-perla-del-mar-white-sands",true,"Large Villas | Perla del Mar White Sands Punta Cana | Punta Cana Investments",1,1,"Large Villas | Perla del Mar White Sands Punta Cana","https://www.puntacanainvestmentsrd.com/es/properties/villas-perla-del-mar-white-sands","https://www.puntacanainvestmentsrd.com/en/properties/villas-perla-del-mar-white-sands","https://www.puntacanainvestmentsrd.com/fr/properties/villas-perla-del-mar-white-sands","https://www.puntacanainvestmentsrd.com/en/properties/villas-perla-del-mar-white-sands",true,true
"villas-perla-del-mar-white-sands","fr","https://www.puntacanainvestmentsrd.com/fr/properties/villas-perla-del-mar-white-sands",200,"https://www.puntacanainvestmentsrd.com/fr/properties/villas-perla-del-mar-white-sands",true,"Large Villas | Perla del Mar White Sands Punta Cana | Punta Cana Investments",1,1,"Grandes Villas | Perle de la mer Sables blancs Punta Cana","https://www.puntacanainvestmentsrd.com/es/properties/villas-perla-del-mar-white-sands","https://www.puntacanainvestmentsrd.com/en/properties/villas-perla-del-mar-white-sands","https://www.puntacanainvestmentsrd.com/fr/properties/villas-perla-del-mar-white-sands","https://www.puntacanainvestmentsrd.com/en/properties/villas-perla-del-mar-white-sands",true,true
"gran-villa-canoa-6-habitaciones-los-lagos-punta-cana","es","https://www.puntacanainvestmentsrd.com/es/properties/gran-villa-canoa-6-habitaciones-los-lagos-punta-cana",200,"https://www.puntacanainvestmentsrd.com/es/properties/gran-villa-canoa-6-habitaciones-los-lagos-punta-cana",true,"Gran Villa Canoa | Mansión 6 Habs en Los Lagos, Punta Cana | Punta Cana Investments",1,1,"Gran Villa Canoa | Mansión de 6 Habitaciones en Los Lagos, Punta Cana","https://www.puntacanainvestmentsrd.com/es/properties/gran-villa-canoa-6-habitaciones-los-lagos-punta-cana","https://www.puntacanainvestmentsrd.com/en/properties/gran-villa-canoa-6-habitaciones-los-lagos-punta-cana","https://www.puntacanainvestmentsrd.com/fr/properties/gran-villa-canoa-6-habitaciones-los-lagos-punta-cana","https://www.puntacanainvestmentsrd.com/en/properties/gran-villa-canoa-6-habitaciones-los-lagos-punta-cana",true,true
"gran-villa-canoa-6-habitaciones-los-lagos-punta-cana","en","https://www.puntacanainvestmentsrd.com/en/properties/gran-villa-canoa-6-habitaciones-los-lagos-punta-cana",200,"https://www.puntacanainvestmentsrd.com/en/properties/gran-villa-canoa-6-habitaciones-los-lagos-punta-cana",true,"Gran Villa Canoa | 6-Bed Mansion in Los Lagos, Punta Cana | Punta Cana Investments",1,1,"Gran Villa Canoa | 6-Bedroom Mansion in Los Lagos, Punta Cana","https://www.puntacanainvestmentsrd.com/es/properties/gran-villa-canoa-6-habitaciones-los-lagos-punta-cana","https://www.puntacanainvestmentsrd.com/en/properties/gran-villa-canoa-6-habitaciones-los-lagos-punta-cana","https://www.puntacanainvestmentsrd.com/fr/properties/gran-villa-canoa-6-habitaciones-los-lagos-punta-cana","https://www.puntacanainvestmentsrd.com/en/properties/gran-villa-canoa-6-habitaciones-los-lagos-punta-cana",true,true
"gran-villa-canoa-6-habitaciones-los-lagos-punta-cana","fr","https://www.puntacanainvestmentsrd.com/fr/properties/gran-villa-canoa-6-habitaciones-los-lagos-punta-cana",200,"https://www.puntacanainvestmentsrd.com/fr/properties/gran-villa-canoa-6-habitaciones-los-lagos-punta-cana",true,"Gran Villa Canoa | Manoir 6 Chambres à Los Lagos, Punta Cana | Punta Cana Investments",1,1,"Gran Villa Canoa | Manoir de 6 Chambres à Los Lagos, Punta Cana","https://www.puntacanainvestmentsrd.com/es/properties/gran-villa-canoa-6-habitaciones-los-lagos-punta-cana","https://www.puntacanainvestmentsrd.com/en/properties/gran-villa-canoa-6-habitaciones-los-lagos-punta-cana","https://www.puntacanainvestmentsrd.com/fr/properties/gran-villa-canoa-6-habitaciones-los-lagos-punta-cana","https://www.puntacanainvestmentsrd.com/en/properties/gran-villa-canoa-6-habitaciones-los-lagos-punta-cana",true,true
"villa-canoa-lujo-frente-al-lago-puntacana-resort","es","https://www.puntacanainvestmentsrd.com/es/properties/villa-canoa-lujo-frente-al-lago-puntacana-resort",200,"https://www.puntacanainvestmentsrd.com/es/properties/villa-canoa-lujo-frente-al-lago-puntacana-resort",true,"Villa Canoa | Lujo Frente al Lago en Puntacana Resort &amp; Club | Punta Cana Investments",1,1,"Villa Canoa | Lujo Frente al Lago en Puntacana Resort &amp; Club","https://www.puntacanainvestmentsrd.com/es/properties/villa-canoa-lujo-frente-al-lago-puntacana-resort","https://www.puntacanainvestmentsrd.com/en/properties/villa-canoa-lujo-frente-al-lago-puntacana-resort","https://www.puntacanainvestmentsrd.com/fr/properties/villa-canoa-lujo-frente-al-lago-puntacana-resort","https://www.puntacanainvestmentsrd.com/en/properties/villa-canoa-lujo-frente-al-lago-puntacana-resort",true,true
"villa-canoa-lujo-frente-al-lago-puntacana-resort","en","https://www.puntacanainvestmentsrd.com/en/properties/villa-canoa-lujo-frente-al-lago-puntacana-resort",200,"https://www.puntacanainvestmentsrd.com/en/properties/villa-canoa-lujo-frente-al-lago-puntacana-resort",true,"Villa Canoa | Lakefront Luxury in Puntacana Resort &amp; Club | Punta Cana Investments",1,1,"Villa Canoa | Lakefront Luxury in Puntacana Resort &amp; Club","https://www.puntacanainvestmentsrd.com/es/properties/villa-canoa-lujo-frente-al-lago-puntacana-resort","https://www.puntacanainvestmentsrd.com/en/properties/villa-canoa-lujo-frente-al-lago-puntacana-resort","https://www.puntacanainvestmentsrd.com/fr/properties/villa-canoa-lujo-frente-al-lago-puntacana-resort","https://www.puntacanainvestmentsrd.com/en/properties/villa-canoa-lujo-frente-al-lago-puntacana-resort",true,true
"villa-canoa-lujo-frente-al-lago-puntacana-resort","fr","https://www.puntacanainvestmentsrd.com/fr/properties/villa-canoa-lujo-frente-al-lago-puntacana-resort",200,"https://www.puntacanainvestmentsrd.com/fr/properties/villa-canoa-lujo-frente-al-lago-puntacana-resort",true,"Villa Canoa | Luxe au Bord du Lac à Puntacana Resort &amp; Club | Punta Cana Investments",1,1,"Villa Canoa | Luxe au Bord du Lac à Puntacana Resort &amp; Club","https://www.puntacanainvestmentsrd.com/es/properties/villa-canoa-lujo-frente-al-lago-puntacana-resort","https://www.puntacanainvestmentsrd.com/en/properties/villa-canoa-lujo-frente-al-lago-puntacana-resort","https://www.puntacanainvestmentsrd.com/fr/properties/villa-canoa-lujo-frente-al-lago-puntacana-resort","https://www.puntacanainvestmentsrd.com/en/properties/villa-canoa-lujo-frente-al-lago-puntacana-resort",true,true